Leaf_plate_ID,POWO_ standardized_names,Phylogeny_tip,Solidity,Circularity,Ellipticalness_Index,width_bbx_mm,length_bbx_mm,Aspect_ratio_width/length,area_mm,elevation,BIO1,BIO2,BIO3,BIO4,BIO5,BIO6,BIO7,BIO8,BIO9,BIO10,BIO11,BIO12,BIO13,BIO14,BIO15,BIO16,BIO17,BIO18,BIO19,average_VNE,average_VNN,average_VFE,average_VFEratio,average_Valpha,average_VTotL,average_VLoopL,average_VTreeL,average_VTotW,average_VLoopW,average_VTreeW,average_TotA,average_TotPA,average_VTotLD,average_VLoopLD,average_VTreeLD,average_VTotVD,average_VLoopVD,average_VTreeVD,average_VNND,average_VTotavLen,average_VTotmdLen,average_VTotsdLen,average_VLoopavLen,average_VLoopmdLen,average_VLoopsdLen,average_VTreeavLen,average_VTreemdLen,average_VTreesdLen,average_VTotavWid,average_VTotmdWid,average_VTotsdWid,average_VLoopavWid,average_VLoopmdWid,average_VLoopsdWid,average_VTreeavWid,average_VTreemdWid,average_VTreesdWid,average_VTotavSAr,average_VTotmdSAr,average_VTotsdSAr,average_VLoopavSAr,average_VLoopmdSAr,average_VLoopsdSAr,average_VTreeavSAr,average_VTreemdSAr,average_VTreesdSAr,average_VTotavVol,average_VTotmdVol,average_VTotsdVol,average_VLoopavVol,average_VLoopmdVol,average_VLoopsdVol,average_VTreeavVol,average_VTreemdVol,average_VTreesdVol,average_VavTor,average_VmdTor,average_VsdTor,average_VavOri,average_VsdOri,average_NavBD0,average_NmdBD0,average_NsdBD0,average_NavBD1,average_NmdBD1,average_NsdBD1,average_NavBD2,average_NmdBD2,average_NsdBD2,average_NavA10,average_NsdA10,average_NavA20,average_NsdA20,average_NavA21,average_NsdA21,average_ATA,average_ANN,average_AloopND,average_AavAre,average_AmdAre,average_AsdAre,average_AavEcc,average_AmdEcc,average_AsdEcc,average_AavMaj,average_AmdMaj,average_AsdMaj,average_AavMin,average_AmdMin,average_AsdMin,average_AavPer,average_AmdPer,average_AsdPer,average_AavElg,average_AmdElg,average_AsdElg,average_AavCir,average_AmdCir,average_AsdCir,average_AavRgh,average_AmdRgh,average_AsdRgh,average_AavOri,average_AsdOri,average_AavCnA,average_AmdCnA,average_AsdCnA,average_AavSld,average_AmdSld,average_AsdSld,average_AavDav,average_AmdDav,average_AsdDav,average_AavDmx,average_AmdDmx,average_AsdDmx,average_PTA,average_PNN,average_PloopND,average_PavAre,average_PmdAre,average_PsdAre,average_PavEcc,average_PmdEcc,average_PsdEcc,average_PavMaj,average_PmdMaj,average_PsdMaj,average_PavMin,average_PmdMin,average_PsdMin,average_PavPer,average_PmdPer,average_PsdPer,average_PavElg,average_PmdElg,average_PsdElg,average_PavCir,average_PmdCir,average_PsdCir,average_PavRgh,average_PmdRgh,average_PsdRgh,average_PavOri,average_PsdOri,average_PavCnA,average_PmdCnA,average_PsdCnA,average_PavSld,average_PmdSld,average_PsdSld,average_PavDav,average_PmdDav,average_PsdDav,average_PavDmx,average_PmdDmx,average_PsdDmx
herbarium_images_GBIF,Alectra humbertii,Alectra_humbertii,0.727809412,0.226317765,0.886803529,2.944349015,20.79396205,0.114655948,31.16485427,1580,17.3666668,12.25,66.216217,229.81546,25.7999992,7.30000019,18.5,19.4333344,14.1000004,19.4333344,14.1000004,1420,364,4,112.508224,920,15,920,15,,,,,,,,,,,,,,,,,,,,,,,,,,,,,,,,,,,,,,,,,,,,,,,,,,,,,,,,,,,,,,,,,,,,,,,,,,,,,,,,,,,,,,,,,,,,,,,,,,,,,,,,,,,,,,,,,,,,,,,,,,,,,,,,,,,,,,,,,,,,,,,,,,,,,,,,,,,,,,
herbarium_images_GBIF,Alectra sessiliflora,Alectra_sessiliflora,0.927694286,0.684704286,0.843135714,13.4454613,30.21231957,0.455252954,266.3191456,1047.20118,19.6976084,11.3986686,64.7478884,212.118586,28.3538461,10.308284,18.045562,20.3156805,18.3430966,22.0798817,16.9454635,1234.23669,210.455621,16.5680473,66.5879194,568.591716,67.5147929,329.04142,287.792899,,,,,,,,,,,,,,,,,,,,,,,,,,,,,,,,,,,,,,,,,,,,,,,,,,,,,,,,,,,,,,,,,,,,,,,,,,,,,,,,,,,,,,,,,,,,,,,,,,,,,,,,,,,,,,,,,,,,,,,,,,,,,,,,,,,,,,,,,,,,,,,,,,,,,,,,,,,,,,
herbarium_images_GBIF,Brandisia kwangsiensis,,0.924603636,0.518070909,0.778244546,21.38212807,67.01267596,0.315845176,894.644946,972.05,17.4710417,8.10124991,35.3801436,577.3853,28.0299999,4.83999997,23.1900001,23.4100002,9.74249997,23.8649999,9.74249997,1380.05,275.55,17.65,80.7108799,743.85,71.8,733,71.8,,,,,,,,,,,,,,,,,,,,,,,,,,,,,,,,,,,,,,,,,,,,,,,,,,,,,,,,,,,,,,,,,,,,,,,,,,,,,,,,,,,,,,,,,,,,,,,,,,,,,,,,,,,,,,,,,,,,,,,,,,,,,,,,,,,,,,,,,,,,,,,,,,,,,,,,,,,,,,
herbarium_images_GBIF,Chloropyron molle,Chloropyron_molle,0.911245,0.5013025,0.9072725,3.092105263,10.54824561,0.284515443,22.61465066,131.9142857,15.52749998,14.20357135,49.55832639,547.938991,31.54571446,2.725714295,28.82000024,9.201428483,21.85999996,22.03619044,8.761904678,557.3714286,117.8,1.171428571,91.06046666,306.5428571,6.914285714,10.62857143,303.6285714,,,,,,,,,,,,,,,,,,,,,,,,,,,,,,,,,,,,,,,,,,,,,,,,,,,,,,,,,,,,,,,,,,,,,,,,,,,,,,,,,,,,,,,,,,,,,,,,,,,,,,,,,,,,,,,,,,,,,,,,,,,,,,,,,,,,,,,,,,,,,,,,,,,,,,,,,,,,,,
herbarium_images_GBIF,Dasistoma macrophylla,Dasistoma_macrophylla,0.663940909,0.414225455,0.579997273,77.12312494,158.5973216,0.420679283,4871.197017,217.375,11.6539517,11.6452381,30.5884914,975.913474,30.5176587,-7.7202381,38.2378968,19.2232804,1.46418652,23.3018518,-0.9111773,1025.06944,116.964286,47.0674603,26.8402228,326.277778,169.484127,297.805556,178.188492,,,,,,,,,,,,,,,,,,,,,,,,,,,,,,,,,,,,,,,,,,,,,,,,,,,,,,,,,,,,,,,,,,,,,,,,,,,,,,,,,,,,,,,,,,,,,,,,,,,,,,,,,,,,,,,,,,,,,,,,,,,,,,,,,,,,,,,,,,,,,,,,,,,,,,,,,,,,,,
herbarium_images_GBIF,Escobedia grandiflora,Escobedia_grandiflora,0.972656,0.803074,0.924456,38.34881322,74.63364296,0.508595844,2104.647584,1394.3189,19.5216043,10.2890748,79.0512673,91.5649491,26.1728347,12.7023622,13.4704725,19.7985564,18.7893701,20.5293963,18.3353019,1776.42913,258.614173,51.5433071,50.9555862,695.826772,192.440945,479.625984,424.566929,,,,,,,,,,,,,,,,,,,,,,,,,,,,,,,,,,,,,,,,,,,,,,,,,,,,,,,,,,,,,,,,,,,,,,,,,,,,,,,,,,,,,,,,,,,,,,,,,,,,,,,,,,,,,,,,,,,,,,,,,,,,,,,,,,,,,,,,,,,,,,,,,,,,,,,,,,,,,,
herbarium_images_GBIF,Escobedia guatemalensis,Escobedia_crassipes,0.78094,0.150486667,0.897133333,14.5789101,171.9391367,0.0702924,1458.123911,1072,21.460119,11.9583332,66.1071723,174.508087,30.4571427,12.342857,18.1142856,22.4547618,20.0333331,23.3571429,19.0714284,1861.85714,326,41.7142857,76.32604,841.571429,145,496.142857,189.142857,,,,,,,,,,,,,,,,,,,,,,,,,,,,,,,,,,,,,,,,,,,,,,,,,,,,,,,,,,,,,,,,,,,,,,,,,,,,,,,,,,,,,,,,,,,,,,,,,,,,,,,,,,,,,,,,,,,,,,,,,,,,,,,,,,,,,,,,,,,,,,,,,,,,,,,,,,,,,,
herbarium_images_GBIF,Esterhazya splendida,Esterhazya_campestris,,,,,,,,957.727473,19.8027793,10.9904304,66.0150142,174.024721,27.503077,10.8027473,16.7003297,21.2340293,17.7721246,21.6135165,17.4519597,1354.46044,224.414286,29.2505495,62.8349078,615.879121,102.665934,468.712088,121.794505,,,,,,,,,,,,,,,,,,,,,,,,,,,,,,,,,,,,,,,,,,,,,,,,,,,,,,,,,,,,,,,,,,,,,,,,,,,,,,,,,,,,,,,,,,,,,,,,,,,,,,,,,,,,,,,,,,,,,,,,,,,,,,,,,,,,,,,,,,,,,,,,,,,,,,,,,,,,,,
herbarium_images_GBIF,Lamourouxia dasyantha,Lamourouxia_dasyantha,0.501904706,0.159555882,0.852764706,3.523570704,18.68364603,0.084446437,19.19707688,2285.98349,15.8072787,15.3839523,67.8894227,199.023853,26.7708391,4.09078404,22.6800551,17.1421367,13.5918845,18.0385603,13.141403,669.118294,136.004127,7.74965612,86.2679885,360.686382,29.6698762,216.896836,32.6863824,,,,,,,,,,,,,,,,,,,,,,,,,,,,,,,,,,,,,,,,,,,,,,,,,,,,,,,,,,,,,,,,,,,,,,,,,,,,,,,,,,,,,,,,,,,,,,,,,,,,,,,,,,,,,,,,,,,,,,,,,,,,,,,,,,,,,,,,,,,,,,,,,,,,,,,,,,,,,,
herbarium_images_GBIF,Lamourouxia rhinanthifolia,Lamourouxia_rhinanthifolia,0.884078333,0.599871667,0.893166667,9.251700678,23.02721088,0.380154937,146.4389838,2359.21005,15.1501998,14.9582382,67.6189427,210.028234,25.8511415,3.61872147,22.2324201,16.6988204,13.4988204,17.4920853,12.3553653,804.273973,170.899543,8.04109589,92.5255765,460.968037,31.5296804,275.399543,47.7442922,,,,,,,,,,,,,,,,,,,,,,,,,,,,,,,,,,,,,,,,,,,,,,,,,,,,,,,,,,,,,,,,,,,,,,,,,,,,,,,,,,,,,,,,,,,,,,,,,,,,,,,,,,,,,,,,,,,,,,,,,,,,,,,,,,,,,,,,,,,,,,,,,,,,,,,,,,,,,,
herbarium_images_GBIF,Lamourouxia viscosa,Lamourouxia_viscosa,0.90165,0.5652675,0.90030125,15.54280196,46.80996569,0.319059119,504.9284871,872.444444,21.9995369,9.6546295,77.5348943,69.2860434,28.6777778,16.2333334,12.4444444,21.7259259,22.0777777,22.9537038,21.2222222,2430.22222,451.666667,16.8888889,76.4848056,1154.22222,87.3333333,390.444444,630.777778,,,,,,,,,,,,,,,,,,,,,,,,,,,,,,,,,,,,,,,,,,,,,,,,,,,,,,,,,,,,,,,,,,,,,,,,,,,,,,,,,,,,,,,,,,,,,,,,,,,,,,,,,,,,,,,,,,,,,,,,,,,,,,,,,,,,,,,,,,,,,,,,,,,,,,,,,,,,,,
herbarium_images_GBIF,Lindenbergia grandiflora,Lindenbergia_grandiflora,0.766614,0.386076,0.623948,26.4676617,91.04477608,0.282788604,1300.05136,1377.79167,17.992882,10.9531252,47.1760325,461.75022,28.3000002,5.02916672,23.2708337,22.4909724,12.352778,22.6645835,11.5604168,1949,488.583333,7.95833333,104.94991,1238.83333,48.0416667,1159,66.0416667,,,,,,,,,,,,,,,,,,,,,,,,,,,,,,,,,,,,,,,,,,,,,,,,,,,,,,,,,,,,,,,,,,,,,,,,,,,,,,,,,,,,,,,,,,,,,,,,,,,,,,,,,,,,,,,,,,,,,,,,,,,,,,,,,,,,,,,,,,,,,,,,,,,,,,,,,,,,,,
herbarium_images_GBIF,Lindenbergia philippensis,Lindenbergia_philippensis,0.79277,0.516682,0.63583,47.6568431,113.124209,0.414361484,2646.352285,923.131579,22.0561404,10.4260965,52.6678014,291.331813,31.222368,10.8407895,20.3815787,24.0489035,18.3081141,25.1342105,18.0530702,1287.56579,260.105263,8.71052632,83.5744584,671.855263,38.6447368,435.026316,56.3552632,,,,,,,,,,,,,,,,,,,,,,,,,,,,,,,,,,,,,,,,,,,,,,,,,,,,,,,,,,,,,,,,,,,,,,,,,,,,,,,,,,,,,,,,,,,,,,,,,,,,,,,,,,,,,,,,,,,,,,,,,,,,,,,,,,,,,,,,,,,,,,,,,,,,,,,,,,,,,,
herbarium_images_GBIF,Orthocarpus tolmiei,Orthocarpus_tolmiei,0.386693846,0.083012769,0.813683077,3.836562439,30.70528806,0.045118235,26.73102822,2852.5,2.07708335,12.7374997,38.1360836,746.617676,21.25,-12.15,33.4000015,1.46666694,-0.925,11.8416662,-6.1583333,448.5,43.5,30.5,11.2922802,125.5,97,114.5,112.5,,,,,,,,,,,,,,,,,,,,,,,,,,,,,,,,,,,,,,,,,,,,,,,,,,,,,,,,,,,,,,,,,,,,,,,,,,,,,,,,,,,,,,,,,,,,,,,,,,,,,,,,,,,,,,,,,,,,,,,,,,,,,,,,,,,,,,,,,,,,,,,,,,,,,,,,,,,,,,
herbarium_images_GBIF,Paulownia fortunei,Paulownia_fortunei,0.7875225,0.6171375,0.649275,149.5131356,238.7498033,0.59216638,18127.40843,376.127907,18.0677649,8.16595606,31.426709,689.419944,30.9732557,4.14767441,26.8255812,23.0682172,11.0456072,26.0556847,9.17887597,1490.56589,258.813953,36.4844961,62.0207163,692.046512,132.984496,594.22093,161.465116,,,,,,,,,,,,,,,,,,,,,,,,,,,,,,,,,,,,,,,,,,,,,,,,,,,,,,,,,,,,,,,,,,,,,,,,,,,,,,,,,,,,,,,,,,,,,,,,,,,,,,,,,,,,,,,,,,,,,,,,,,,,,,,,,,,,,,,,,,,,,,,,,,,,,,,,,,,,,,
herbarium_images_GBIF,Paulownia tomentosa,Paulownia_tomentosa,0.717319055,0.418229045,0.766995529,36.54175374,80.30641415,0.302585028,25151.85375,239.174795,11.1222567,9.5613186,32.818448,738.701191,26.5823633,-2.6709394,29.2533028,16.3821517,4.86038189,20.1922008,2.02217458,994.199476,118.120982,53.6653355,25.6484184,325.63928,181.34108,297.511751,200.799018,,,,,,,,,,,,,,,,,,,,,,,,,,,,,,,,,,,,,,,,,,,,,,,,,,,,,,,,,,,,,,,,,,,,,,,,,,,,,,,,,,,,,,,,,,,,,,,,,,,,,,,,,,,,,,,,,,,,,,,,,,,,,,,,,,,,,,,,,,,,,,,,,,,,,,,,,,,,,,
herbarium_images_GBIF,Rehmannia glutinosa,Rehmannia_glutinosa,0.856682,0.496844,0.713606,50.59035728,146.022765,0.342631804,4029.11302,425.899115,12.49885691,10.83594397,29.07885903,999.0498235,30.04371673,-7.33592922,37.37964591,23.37988194,-0.223244853,24.28828905,-0.382536883,689.8070796,165.7168142,8.548672566,97.60552176,396.8530973,31.60884956,378.4,34.34336283,,,,,,,,,,,,,,,,,,,,,,,,,,,,,,,,,,,,,,,,,,,,,,,,,,,,,,,,,,,,,,,,,,,,,,,,,,,,,,,,,,,,,,,,,,,,,,,,,,,,,,,,,,,,,,,,,,,,,,,,,,,,,,,,,,,,,,,,,,,,,,,,,,,,,,,,,,,,,,
herbarium_images_GBIF,Rehmannia henryi,Rehmannia_henryi,0.711162,0.47255,0.61069,37.69722816,89.08315572,0.419023298,1536.59967,514.2272727,15.08143932,8.787878817,27.67429681,839.6498774,30.64545449,-0.936363633,31.58181832,23.81212148,4.511363604,25.17575784,4.424999963,1142.227273,200.1363636,19.45454545,66.11080239,520.2727273,69.54545455,497.3181818,70.18181818,,,,,,,,,,,,,,,,,,,,,,,,,,,,,,,,,,,,,,,,,,,,,,,,,,,,,,,,,,,,,,,,,,,,,,,,,,,,,,,,,,,,,,,,,,,,,,,,,,,,,,,,,,,,,,,,,,,,,,,,,,,,,,,,,,,,,,,,,,,,,,,,,,,,,,,,,,,,,,
herbarium_images_GBIF,Rehmannia piasezkii,Rehmannia_piasezkii,,,,,,,,608.875,14.51992184,9.570572853,30.83760554,817.5584173,29.80625004,-1.721874991,31.52812523,22.80416662,4.507291671,24.32552078,4.104166668,948.875,172.25,15.59375,69.10531759,439.78125,56.71875,406.875,63.5625,,,,,,,,,,,,,,,,,,,,,,,,,,,,,,,,,,,,,,,,,,,,,,,,,,,,,,,,,,,,,,,,,,,,,,,,,,,,,,,,,,,,,,,,,,,,,,,,,,,,,,,,,,,,,,,,,,,,,,,,,,,,,,,,,,,,,,,,,,,,,,,,,,,,,,,,,,,,,,
L1,Bungea vesiculifera,Bungea_trifida,0.688523333,0.158475,0.965453333,2.326487448,19.07942338,0.070785203,19.51505442,902.666667,10.582639,12.4333333,30.3148147,1049.93652,32.7500003,-8.3833334,41.1333338,9.77222228,22.2652775,23.4888891,-2.4152778,414.833333,62.8333333,5.83333333,53.6120834,162.5,27.5833333,37.4166667,127.916667,,,,,,,,,,,,,,,,,,,,,,,,,,,,,,,,,,,,,,,,,,,,,,,,,,,,,,,,,,,,,,,,,,,,,,,,,,,,,,,,,,,,,,,,,,,,,,,,,,,,,,,,,,,,,,,,,,,,,,,,,,,,,,,,,,,,,,,,,,,,,,,,,,,,,,,,,,,,,,
L10,Brachystigma wrightii,Brachystigma_wrightii,0.912535,0.2647375,0.998345,2.57740448,20.84980238,0.115801598,38.64365428,1784.45,14.4063888,15.8044444,50.1565896,612.355711,30.6466667,-0.9883333,31.6349998,21.3691667,16.5330557,21.9430556,7.06972223,550.85,124.816667,7.31666667,78.0177204,295.1,35.1333333,251.7,114.016667,1195.5,954,230.333333,0.20660667,0.12138333,107.36,89.6008333,17.7581667,0.0492,0.05416667,0.02553,9.55333333,9.5425,11.2834167,9.43690883,1.846635,0.04074333,0.03963933,0.00110367,101.183333,0.09585195,0.07041135,0.08851107,0.10767777,0.08111525,0.09651578,0.06502395,0.050771,0.04998513,0.040914,0.03178778,0.03587767,0.04657176,0.03525662,0.03941897,0.02397006,0.02311372,0.01025554,0.0149017,0.00696551,0.0334535,0.01861777,0.00899317,0.03857309,0.00523696,0.00365012,0.0052564,0.00035002,5.66E-05,0.0018022,0.00046978,7.81E-05,0.0021071,3.88E-05,2.23E-05,6.86E-05,1.09773333,1.07531,0.18105,-5.8015,55.6813333,0.04778333,0.03696917,0.04079167,0.04632333,0.03450567,0.03923333,0.02617333,0.02468583,0.01441,140.084833,23.6737667,120.2305,25.3792667,97.63975,28.5016333,4.88333333,242.666667,25.9055683,0.02696667,0.01102167,0.04186667,0.84856667,0.8971,0.16121667,0.26513333,0.18420333,0.26201667,0.097435,0.08068667,0.07886833,0.8411,0.47452833,1.04976667,2.64218333,2.28511,1.36838333,0.72225,0.5697,0.84101667,31.6576667,22.16805,28.4016667,-9.3628333,66.456,0.036245,0.0126335,0.06248333,0.85728333,0.87872,0.1046,0.01541667,0.01561167,0.0066,0.03868333,0.037969,0.02253667,9.58333333,242.666667,25.9055683,0.05028333,0.02422167,0.07348333,0.80436667,0.83546667,0.13176667,0.3159,0.2344,0.26781667,0.14661667,0.13053333,0.09155,0.81791667,0.63519333,0.67763333,2.02921667,1.82875,0.77586667,0.72833333,0.73858333,0.16533333,18.4005,17.0350833,5.42373333,-7.0654167,64.4103333,0.05848167,0.026925,0.08985167,0.90625,0.9216,0.05631667,0.02525,0.02313833,0.01426667,0.0672,0.060798,0.04068333
L11,Aeginetia indica,Aeginetia_indica,0.944214,0.695236,0.820534,3.173020528,5.171554254,0.600409032,10.20399936,458.362514,18.679148,8.186055,36.4874692,556.481488,30.1922559,6.2497194,23.9425365,23.2566592,12.5936588,25.2282267,11.6172465,1883.69136,333.494949,48.0347924,63.5715914,869,168.380471,654.802469,201.719416,,,,,,,,,,,,,,,,,,,,,,,,,,,,,,,,,,,,,,,,,,,,,,,,,,,,,,,,,,,,,,,,,,,,,,,,,,,,,,,,,,,,,,,,,,,,,,,,,,,,,,,,,,,,,,,,,,,,,,,,,,,,,,,,,,,,,,,,,,,,,,,,,,,,,,,,,,,,,,
L12,Chloropyron maritimum subsp. canescens,Chloropyron_maritimum,0.885663333,0.267278333,0.789706667,3.504804568,22.57466843,0.148747903,48.45395882,1242.514286,13.41369057,17.47690462,43.56022829,829.4089722,35.31428631,-4.800000014,40.1142868,5.379047634,21.34428562,23.95523807,3.663333363,179.2,29.28571429,5.857142857,53.73630088,78.6,21.54285714,24.2,73.25714286,2374.833333,1956.166667,553.1666667,0.234838476,0.106780941,214.1678675,166.8599312,47.30943629,0.028113843,0.029967035,0.021434191,NA,15.09523831,14.20935541,11.09660645,3.112752458,0.01209683,0.010888555,0.001208275,128.9743377,0.091664756,0.070584822,0.079908349,0.101854182,0.079517848,0.087865988,0.068254905,0.054827421,0.049862813,0.027312525,0.024678995,0.017070336,0.030069333,0.025992842,0.019153353,0.020641821,0.020815539,0.006575765,0.00807554,0.005469361,0.010428234,0.009563625,0.006527965,0.011897173,0.00459828,0.003570494,0.003823921,7.80E-05,3.41E-05,0.000246658,0.000100021,4.24E-05,0.000292141,2.65E-05,1.92E-05,2.55E-05,1.104703745,1.075904008,0.336005592,-4.526917786,55.4421905,0.030361452,0.02707234,0.019774689,0.029286599,0.025648549,0.017459041,0.021096261,0.020745037,0.009294352,135.1596459,25.2825516,120.2132234,26.58792261,102.9957642,29.78886975,NA,420.1666667,27.88135566,0.023044645,0.012064394,0.030491708,0.849029426,0.894954356,0.150660317,0.263257345,0.207761797,0.231198305,0.108454592,0.085627012,0.08649809,0.900216687,0.551493683,1.023124863,2.619952753,2.25761064,1.395501377,0.57069056,0.474911958,0.549353752,39.02352229,26.4329517,35.69174977,-2.682650212,63.8690372,0.033343771,0.014449336,0.052473669,0.822914299,0.843010361,0.120081717,0.014906216,0.015357286,0.005175748,0.037273522,0.037781485,0.017929408,NA,420.1666667,27.88135566,0.037666815,0.022033773,0.04600111,0.807492542,0.848011102,0.14392584,0.297140735,0.242439517,0.225780861,0.14036157,0.119817972,0.084698458,0.778360465,0.63018021,0.590754845,2.111094202,1.893188163,0.883865732,0.70085537,0.711625951,0.191405016,19.57445356,17.66174763,7.004377875,-6.534149935,63.85083553,0.04578266,0.02457069,0.062659779,0.887719322,0.907870216,0.070376979,0.023184255,0.02159724,0.011011716,0.06162915,0.055923656,0.032067305
L13,Melampyrum cristatum,Melampyrum_cristatum,0.735195,0.27487,0.7899,7.75280899,38.9044944,0.159115265,165.6861507,314.652677,9.05466212,8.63632633,33.4264253,651.731703,23.7007802,-2.3785849,26.0793651,11.933145,5.86194512,17.2363017,1.29626939,765.624697,83.3486683,47.0930858,18.4283334,230.307237,154.140705,204.147969,,1293,984.6666667,181,0.137045889,0.159311588,229.2599698,205.1160384,24.14393142,0.096144256,0.100234886,0.054219281,NA,42.55192767,5.532429037,4.991716441,0.540712596,0.062468494,0.061061098,0.001407401,25.27794069,0.171782549,0.140036494,0.131326108,0.183630511,0.153121373,0.135924142,0.108998634,0.087295223,0.076744904,0.088863882,0.072470496,0.061034141,0.095320903,0.076153969,0.063021831,0.050465611,0.047505718,0.023933341,0.050127633,0.032284421,0.068111842,0.055741514,0.035977491,0.072145217,0.01838435,0.013317808,0.017285274,0.001785109,0.000591491,0.005011958,0.002037284,0.000688926,0.005394667,0.000286624,0.000166396,0.000391868,1.083819574,1.073516336,0.121059176,-1.303350027,53.38955552,0.105309461,0.086356608,0.070718077,0.096527416,0.076835836,0.061457867,0.060908803,0.058987069,0.029802921,137.1661595,21.60826905,120.6523637,21.47235546,101.0829231,24.12279746,NA,310.3333333,8.165816992,0.073578039,0.046771007,0.083084351,0.776695279,0.828091359,0.185001648,0.373809583,0.316659687,0.299562807,0.195491627,0.182361104,0.137582559,1.100960961,0.843460657,1.000474903,1.964485457,1.784578195,0.776903912,0.891354898,0.743261393,0.836006284,20.24464716,16.8854695,12.20437883,8.823832086,62.33470855,0.088552889,0.050639489,0.11117149,0.896054131,0.914901953,0.082229513,0.033947517,0.034637657,0.01534321,0.081705434,0.085439568,0.046020165,NA,310.3333333,8.165816992,0.132115955,0.091867464,0.1352356,0.724064539,0.751265607,0.143636639,0.475500014,0.419506514,0.292758028,0.293648081,0.280036187,0.151236817,1.312059885,1.170713393,0.786579441,1.607936891,1.517868878,0.425034695,0.802076707,0.809184054,0.135938357,16.11947446,15.53433317,2.82666824,7.440114346,60.82232327,0.147152448,0.09792092,0.158151459,0.922857466,0.933068894,0.041260332,0.050156408,0.048248264,0.023658176,0.132312208,0.127056291,0.065467161
L14,Melampyrum nemorosum,Melampyrum_nemorosum,0.67972,0.34597,0.86052,7.52,27.6,0.19806763,101.9726222,350.83614,6.78310103,8.1143979,29.2214771,738.706536,22.2158908,-5.862049,28.0779397,12.9367742,2.93192066,16.0529574,-2.018202,741.063252,88.3595585,39.1052781,25.5984724,242.046696,134.666478,213.813641,164.303382,1205,1019,314,0.26061263,0.0919721,160.635498,125.641691,34.9938071,0.06654263,0.07447177,0.0380658,24.137756,24.1321265,6.65488169,5.20518823,1.44969346,0.03636601,0.03451954,0.00184646,42.2168214,0.13332365,0.09492221,0.14233227,0.15794327,0.11973032,0.16225591,0.08556766,0.06125113,0.07087084,0.05885004,0.04785061,0.0479006,0.07078962,0.05501109,0.05409216,0.03558622,0.03465874,0.01580997,0.02787065,0.01530391,0.05071707,0.03695079,0.02127021,0.06001896,0.01023237,0.00689887,0.01010967,0.00072862,0.00018224,0.00277955,0.00104774,0.00029725,0.0033761,0.000109,6.44E-05,0.00015161,1.10883874,1.07641474,0.37739665,-3.5835618,51.7940847,0.06740154,0.05459768,0.05354145,0.06728961,0.05176703,0.05233513,0.03756008,0.03742026,0.01997004,141.004953,23.9417615,118.945735,24.3904924,96.6472142,26.9640089,14.9672254,187.5,7.77043432,0.07990078,0.04072932,0.11007951,0.74573497,0.82361633,0.23162974,0.37559553,0.3095343,0.36566683,0.1993599,0.18318205,0.1760596,1.37397416,0.90282776,1.6583148,1.8436608,1.7640915,0.62926631,0.95372634,0.60287662,1.3263253,27.1296137,19.9945303,24.7426311,1.73331203,57.7718866,0.10178996,0.04660329,0.153081,0.88105635,0.89854443,0.09491755,0.02612132,0.02913712,0.01512544,0.06958652,0.07695872,0.04739875,24.1321265,187.5,7.77043432,0.12882623,0.07638171,0.16243407,0.74195767,0.7645029,0.14535201,0.44944365,0.38700136,0.3638044,0.26534713,0.26350598,0.18615634,1.25938686,1.10897634,1.01071247,1.66927387,1.55179402,0.44665091,0.77223758,0.77213147,0.15374713,16.9648217,16.2765846,3.72266723,-0.4348954,55.397385,0.14619851,0.08242313,0.19187413,0.91967855,0.93461435,0.05057596,0.04275574,0.04389642,0.02738183,0.11594344,0.11951564,0.07638856
L16,Silviella prostrata,,0.698552857,0.60171,0.612331429,6.995055359,8.636998816,0.796926619,26.70346485,2453.534653,14.54843239,15.68234315,69.19993757,185.910327,25.2267328,2.586138621,22.64059426,15.80726071,12.2219472,16.57607259,12.0132013,700.6534653,132.0792079,10.27722772,81.18660948,363.9009901,34.95049505,226.0594059,35.52475248,856,642.6,105.2,0.12628,0.16614,95.428,86.8526,8.57488,0.0404,0.041902,0.025896,8.248,8.244,11.5992,10.528253,1.07098,0.01917,0.0185522,0.0006162,77.066,0.1154355,0.09003861,0.09941172,0.12212231,0.09657459,0.10274207,0.07531296,0.05686452,0.06511681,0.03926041,0.03302395,0.02178214,0.04173264,0.03479418,0.02225592,0.02432157,0.02337984,0.01002357,0.01446102,0.00926094,0.01749882,0.01584401,0.01038818,0.01836756,0.00610746,0.00435088,0.0067602,0.00018686,7.73E-05,0.0003826,0.00021048,9.03E-05,0.00040826,4.49E-05,2.66E-05,7.03E-05,1.1041,1.07443,0.28768,-3.5434,51.9368,0.047228,0.0404302,0.025762,0.041264,0.0351906,0.019568,0.0276,0.0261916,0.010852,139.8582,23.33986,120.2174,26.1222,97.50718,29.4621,4.84,214.6,25.516104,0.0246,0.014026,0.03278,0.83698,0.883644,0.15304,0.25194,0.200678,0.20498,0.10575,0.095754,0.068036,0.70518,0.507714,0.68594,2.40806,2.153284,1.11564,0.71516,0.6596,0.54214,23.7252,19.06358,15.2282,-6.143,53.603,0.02995,0.0154412,0.04487,0.8934,0.919524,0.08386,0.01886,0.01875,0.00738,0.046384,0.0448806,0.022982,8.24,214.6,25.516104,0.041,0.025436,0.04908,0.80252,0.836726,0.1343,0.30366,0.252626,0.20936,0.14798,0.137358,0.07186,0.781,0.662502,0.5068,2.02188,1.83376,0.78098,0.7338,0.74842,0.1498,18.011,16.80002,4.60472,-6.7078,53.4288,0.04658,0.027972,0.059498,0.91298,0.92676,0.0507,0.02612,0.024554,0.01168,0.068792,0.064009,0.032696
L17,Graderia scabra,Graderia_scabra,0.780623095,0.391766667,0.842015714,4.230816486,12.42224516,0.434959656,172.0473391,922.533333,17.1894048,11.9211904,57.949795,307.764085,26.1704762,5.60571429,20.5647618,19.9638095,13.518254,20.6584126,13.1495238,852.152381,130.914286,18.5809524,57.0159456,366.2,68.4952381,357.52381,72.352381,3113.33333,2441.66667,547,0.17789333,0.1367,274.7,239.56,35.1246667,0.04366667,0.04565667,0.02995,25.3,25.2633333,10.8456667,9.44855167,1.39742,0.02610333,0.02504733,0.00105767,95.49,0.0904908,0.07489686,0.07022,0.09829297,0.08238283,0.07365493,0.05918058,0.04825875,0.04159672,0.04232945,0.03513828,0.03061891,0.04570417,0.03687193,0.03283714,0.02818117,0.0282133,0.0088592,0.0122232,0.00834182,0.0162133,0.01386013,0.00953177,0.01754849,0.0055197,0.004296,0.00470211,0.00020623,7.51E-05,0.00069457,0.00024468,8.81E-05,0.00076678,4.44E-05,3.02E-05,4.74E-05,1.08056667,1.07183667,0.09733333,-0.9956667,50.4993333,0.04843667,0.03980733,0.03536,0.04575,0.03661467,0.03284,0.03098,0.03028633,0.01396667,135.734333,20.896,120.279,21.6998,102.603667,23.5974667,13.6666667,673.333333,26.24579,0.02183333,0.01694667,0.02243333,0.7878,0.83075667,0.1595,0.22373333,0.20461,0.14323333,0.11991333,0.11540667,0.07151333,0.69436667,0.5816,0.57053333,1.9546,1.79704667,0.74206667,0.67156667,0.61413333,0.52826667,24.8556667,20.3342,15.3073333,2.3231,56.036,0.02758,0.01917133,0.03638,0.86466667,0.88279,0.09283333,0.01836667,0.01921,0.00623333,0.04591333,0.04831167,0.01941,25.3333333,673.333333,26.24579,0.03916667,0.03114333,0.03606667,0.7433,0.77269,0.13996667,0.27446667,0.25484333,0.14123333,0.1661,0.16106,0.07616667,0.75896667,0.71507667,0.3986,1.67546667,1.57553333,0.4751,0.76033333,0.76936667,0.12666667,17.0296667,16.3337333,3.31253333,-0.1160667,54.3116667,0.04431,0.03383333,0.0468,0.91133333,0.92348333,0.04856667,0.02786667,0.02759333,0.01103333,0.07407333,0.07291033,0.03112333
L2,Monochasma sheareri,Monochasma_sheareri,0.903143333,0.26864,0.948773333,2.778735177,21.5071322,0.12179165,41.50309341,208.758621,13.9675765,8.82787351,28.1818531,825.212381,29.9655172,-1.3482759,31.3137931,21.6733714,4.13735634,24.1461685,3.99367818,1575.91954,225.643678,48.7701149,47.6006908,597.206897,171.563218,576.103448,171.609195,995.833333,782.333333,172.666667,0.16817273,0.1408427,100.278825,84.1435682,16.1360902,0.04848624,0.05189184,0.03015899,9.00897486,9.00696201,11.3379829,9.6498424,1.68813687,0.03088252,0.02960223,0.00128096,89.1443601,0.1005352,0.07404317,0.09049221,0.10642735,0.07883647,0.09451749,0.0758899,0.05529914,0.06723446,0.04849266,0.03898266,0.03608936,0.05381326,0.04217679,0.03840978,0.02782401,0.02687582,0.01212966,0.01533976,0.00970755,0.01896365,0.01740868,0.01123276,0.02038696,0.00707916,0.00459171,0.00775129,0.00028195,0.00010321,0.00073136,0.00034014,0.00012652,0.00081319,5.98E-05,3.15E-05,8.34E-05,1.09713236,1.07509723,0.20812721,-2.9134194,56.2193051,0.05770678,0.04586526,0.04136185,0.05288776,0.0417236,0.03562311,0.03208948,0.0302942,0.01988638,137.299502,24.3711439,120.433638,25.98807,99.3181134,30.3725464,4.79962322,214.833333,25.4226064,0.02235993,0.00902508,0.03689497,0.8218978,0.89426012,0.22497318,0.23924821,0.16953948,0.24079122,0.08818757,0.07352062,0.08104064,0.71713108,0.436287,0.9668498,2.60900085,2.27040886,1.32679515,0.81720864,0.57855412,1.00912712,27.8435821,20.8074338,26.2546761,5.97148369,67.1066714,0.02975114,0.01022528,0.05551542,0.86206201,0.88302931,0.10814263,0.01511119,0.01557256,0.00751675,0.03647263,0.03631394,0.02423955,9.01496201,214.833333,25.4226064,0.04197212,0.02483402,0.05697036,0.79004895,0.82868472,0.14794114,0.29852298,0.23891256,0.23548494,0.14144654,0.13044455,0.08448645,0.77080088,0.64567373,0.5909902,2.01901624,1.79816722,0.82745068,0.74879111,0.75020403,0.2312802,18.1161102,16.7711876,5.26819022,-0.5667834,64.6322103,0.04880943,0.02683527,0.07113898,0.90818861,0.92378102,0.05470685,0.02466536,0.02357263,0.01317952,0.06526288,0.06084793,0.03768223
L20,Euphrasia antarctica,Euphrasia_dinarica,0.723144,0.631378,0.615356,9.971783292,12.0297216,0.813642252,58.3406016,879.614286,6.11226193,10.0380952,48.6159989,393.640446,16.8685715,-3.4857143,20.3542856,5.64952381,6.13619054,10.7199999,1.07166665,398.9,53.4571429,18.6285714,35.7510761,147.185714,63.3142857,93.8428571,114.042857,486.333333,381.666667,78.3333333,0.16154667,0.13916667,53.5333333,47.908,5.62603333,0.0598,0.06301333,0.03202,6.57333333,6.56966667,8.57936667,7.754326,0.82508,0.04016333,0.03919933,0.00096233,59.9566667,0.11233667,0.07284412,0.13518973,0.12407925,0.08117378,0.14420999,0.05978361,0.0430563,0.05457475,0.05657644,0.04159722,0.04610462,0.0625771,0.04748014,0.04804262,0.0294492,0.02596473,0.0199047,0.0208415,0.01042702,0.0326311,0.02408017,0.01274221,0.03504261,0.00622282,0.00367289,0.00731866,0.000545,0.00012412,0.00168287,0.00064937,0.00017448,0.00184062,7.13E-05,2.59E-05,1.44E-04,1.1477,1.07957,0.7232,-7.747,54.51,0.06874667,0.05190933,0.05229,0.06245,0.04727633,0.04619,0.03479,0.02924367,0.02557333,142.963667,24.5651,123.089,28.3923667,89.4056,33.6859667,4,106,16.5693467,0.03833333,0.00198333,0.08936667,0.7894,0.85640667,0.21176667,0.23006667,0.07871,0.3389,0.09209,0.03929667,0.12008333,0.6823,0.18436,1.11946667,2.2743,1.98758667,1.118,1.18103333,0.76283333,1.4093,20.5593333,16.4403333,15.5906667,-11.509667,60.192,0.04819667,0.00221633,0.11422333,0.89196667,0.91473333,0.09873333,0.01653333,0.00921667,0.01583333,0.04085333,0.01911333,0.04785,6.6,106,16.5693467,0.0606,0.01266667,0.1203,0.7717,0.81213,0.15513333,0.3041,0.16733667,0.34923333,0.14803333,0.09971,0.1298,0.80473333,0.45836333,0.90846667,1.8997,1.75163333,0.7267,0.76333333,0.77843333,0.17533333,17.5576667,16.1776667,5.19683333,-20.223333,58.0166667,0.07121,0.01379667,0.14522,0.91676667,0.93529,0.05963333,0.0252,0.01815,0.02083333,0.06808667,0.046844,0.05884667
L21,Cycnium adonense,Cycnium_adonense,0.9247675,0.7144825,0.8207825,25.28248588,54.0519068,0.478998468,943.889784,1132.24082,19.1578401,11.9635034,62.2423671,248.403949,27.8412245,8.34653059,19.494694,21.1264626,16.1540816,21.8184354,15.8143537,1036.38776,180.669388,11.2,74.8474179,493.416327,45.2938776,356.620408,119.465306,1526,1242.57143,335.857143,0.22114964,0.11429441,204.353982,162.394877,41.9661045,0.06070106,0.0684804,0.03111208,25.4677877,25.4469729,7.97970586,6.33536455,1.64434202,0.04062063,0.03923535,0.00138586,48.2575492,0.14492429,0.11682647,0.11928651,0.16154202,0.13354888,0.13038906,0.10383306,0.08691532,0.07115768,0.05944678,0.03986621,0.05626826,0.07143404,0.04697997,0.06251004,0.03013606,0.02839442,0.01248191,0.02855461,0.01637671,0.0399736,0.03587782,0.02159352,0.04510916,0.01052228,0.00851178,0.00867275,0.00081658,0.00018634,0.00242569,0.0011119,0.00028523,0.00283245,0.00010128,6.56E-05,0.000155,1.09467387,1.07460841,0.14847548,0.21958234,51.6003145,0.06901189,0.04520055,0.06438189,0.06784839,0.04443027,0.06030044,0.03790917,0.03187529,0.02567538,138.780533,21.6477949,119.313084,21.8808877,100.57987,24.4588158,14.5558903,284.571429,11.0241442,0.06020558,0.04180522,0.05761694,0.78133289,0.82298255,0.1642899,0.36570601,0.3293993,0.23661606,0.19735374,0.17599577,0.12346736,1.27053651,0.95073147,1.07799656,1.93125494,1.77192783,0.70272286,0.62714309,0.54690184,0.56434144,30.1505513,23.0276035,20.9558284,6.40774503,53.5695914,0.0750258,0.04786922,0.07947311,0.86611413,0.87702916,0.09075171,0.02551094,0.02731119,0.00880492,0.06691673,0.07151112,0.02738561,25.5812586,284.571429,11.0241442,0.10413195,0.08138101,0.08882358,0.75514577,0.78602036,0.14323181,0.44664877,0.41376325,0.23555506,0.26297335,0.24733187,0.1266631,1.24079034,1.15205567,0.65455684,1.7403454,1.62289592,0.52441726,0.7284177,0.74117451,0.12852596,17.8869027,16.9577763,3.71281112,6.57574242,52.2940387,0.11765253,0.08859953,0.10529309,0.90846882,0.92360406,0.05390915,0.04276417,0.04150177,0.01811812,0.11599399,0.11207907,0.05110634
L23,Macranthera flammea,Macranthera_flammea,0.691358,0.405742,0.61722,16.49717516,44.65395484,0.33324381,338.6643565,56.9107143,19.0182291,12.4900297,42.9755795,646.071312,32.8392856,3.75357142,29.0857141,21.5309524,17.3494048,26.6592262,10.8416666,1586.67857,177.446429,82.3571429,21.1712573,486.321429,307.5,469.642857,396.732143,1128.26667,933.2,264.066667,0.2336563,0.10649917,112.192881,89.5602348,22.6357126,0.04759907,0.05180256,0.0305754,11.2936755,11.2614457,10.6966778,8.51122746,2.18544965,0.04411494,0.04209819,0.00201742,90.6597499,0.10244959,0.07793312,0.09450011,0.1146113,0.0884887,0.10238695,0.07210828,0.05210074,0.06224528,0.04475585,0.0319472,0.04813987,0.05161834,0.03469448,0.05405964,0.02649518,0.02593454,0.0150145,0.01571913,0.00883508,0.02727437,0.01893189,0.01069837,0.03083337,0.00720134,0.00434352,0.00942769,0.00049532,8.23E-05,0.00220198,0.00064656,0.00010603,0.00255025,8.45E-05,3.22E-05,0.00030271,1.10912924,1.07801909,0.28129075,3.8150715,51.7495409,0.05221582,0.03635819,0.05460437,0.05008611,0.03389521,0.0516154,0.02880984,0.02537961,0.02548643,137.493873,24.4689336,119.226513,24.7979014,100.607186,29.1963129,6.571979,195.733333,18.8468123,0.0353812,0.01889645,0.04914912,0.77855036,0.83794511,0.20126825,0.27036183,0.21348059,0.24974929,0.13184049,0.10886849,0.11640176,0.95144133,0.59719477,1.15309257,2.0385225,1.84511933,0.81785832,0.78920976,0.59864408,0.88197167,29.8705398,20.7902909,27.8560197,25.6555874,47.9113824,0.04840016,0.02139005,0.07711086,0.85723007,0.87537937,0.10956721,0.01722752,0.01857498,0.00870852,0.04533853,0.04786366,0.0277465,11.2185124,195.733333,18.8468123,0.05865588,0.03647086,0.07334733,0.76287136,0.79982926,0.15131069,0.32493816,0.27834696,0.24542717,0.1781654,0.16483194,0.12003638,0.90107347,0.77361681,0.70281747,1.81560628,1.67137083,0.61961024,0.73208699,0.73878568,0.17583795,18.3560193,17.0250571,5.42193164,19.5219422,49.1505703,0.06983166,0.0400735,0.09549966,0.90115124,0.92017026,0.06626235,0.02827301,0.02793825,0.01606913,0.07713178,0.07503144,0.04624969
L24,Leucosalpa madagascariensis,Leucosalpa_poissonii,0.921943333,0.63075,0.810056667,21.57979683,48.56166333,0.429935377,662.0959319,149.346154,25.0419869,10.4961538,69.0232148,166.448459,32.061538,16.7884617,15.2730764,26.5141024,23.4929486,26.7339744,22.7756408,1420.34615,322.192308,20.9615385,94.2973768,828.384615,84.5384615,578.346154,103.153846,1249.55556,1077,362.444444,0.29596576,0.07836454,188.805236,137.893196,50.9112623,0.04395912,0.04613552,0.03855809,24.5085707,24.4136422,7.66938543,5.56701529,2.10238758,0.01698571,0.01443259,0.0025519,43.4839266,0.15379027,0.11945722,0.1488289,0.18408448,0.14373811,0.17545368,0.10786799,0.091018,0.07829129,0.04215138,0.03882362,0.02427371,0.0457224,0.03939429,0.0286695,0.03656179,0.0379281,0.01088538,0.02114687,0.01462585,0.02865838,0.02651739,0.01755224,0.03512044,0.01299148,0.01070239,0.01049614,0.00034468,0.00014376,0.00108015,0.00048655,0.00017289,0.00137423,0.00013188,0.00010377,0.00013096,1.10115035,1.07588329,0.15692437,-0.7796166,49.1334291,0.046419,0.04219518,0.02652431,0.04513374,0.03974233,0.02606741,0.03253827,0.03330537,0.0123038,132.097535,23.1484875,118.652123,22.474178,107.309461,25.4251785,16.665015,170.888889,6.77272134,0.10971892,0.06201376,0.14338093,0.7719636,0.81175195,0.16882407,0.49333382,0.40707165,0.39488836,0.27102907,0.23316797,0.20510256,2.04287189,1.28940951,2.31182082,1.85781191,1.7149406,0.62457146,0.6143239,0.45391872,0.7424944,40.6569872,27.611056,38.4769697,-1.0922692,47.9447111,0.15886119,0.07388361,0.26032517,0.82933136,0.83980096,0.11639443,0.02801068,0.03053929,0.01006909,0.07635522,0.0830476,0.03314141,24.3080866,170.888889,6.77272134,0.15850921,0.09334619,0.19578178,0.74541283,0.77431431,0.14195699,0.53623317,0.45262723,0.38756998,0.31443068,0.28307927,0.20129725,1.53549892,1.27018,1.20028455,1.68638562,1.58153721,0.48033804,0.73242184,0.74015654,0.17741739,18.5044763,16.9851248,6.24524302,-0.671146,46.9898303,0.19476187,0.10292153,0.28858222,0.89578773,0.91823907,0.07314668,0.04736643,0.04598855,0.0237662,0.12977301,0.12438999,0.06892758
L27,Vellosiella spathacea,,0.935875,0.7004075,0.862385,22.55767588,46.57504985,0.475016448,708.5054572,1787,18.51011876,9.489286014,82.44864001,45.32887977,24.47142873,12.95714283,11.51428591,18.39047595,18.01904746,19.07619068,17.95714283,2036.714286,318,60.42857143,58.76149695,880,208.1428571,471.4285714,392.2857143,682.625,569.5,169.25,0.25734125,0.0973625,221.525,167.22525,54.3055,0.1498625,0.17235125,0.07338625,67.4875,67.51625,3.31255,2.47399188,0.8385575,0.14321,0.13852438,0.00468638,8.485125,0.33009055,0.24344009,0.33669701,0.39532112,0.29035971,0.401769,0.2260745,0.19472124,0.1571339,0.14914985,0.08625377,0.18071644,0.18911695,0.10650615,0.20918072,0.06846331,0.06072242,0.04324086,0.15314675,0.0718018,0.28672589,0.20817095,0.10490178,0.34571704,0.0513141,0.03816896,0.06289515,0.01460465,0.00168125,0.055198,0.0206849,0.0031986,0.06615032,0.00143948,0.00060678,0.00534219,1.099475,1.07557875,0.16635,-0.9511375,51.10775,0.17428375,0.09972613,0.2058075,0.16940625,0.09605438,0.1908325,0.09315375,0.06691175,0.1026325,138.396875,21.8781,120.5915,23.7423875,98.552525,26.6818375,40.5,114.125,1.64067888,0.424425,0.16119125,0.6521,0.7452125,0.78379625,0.184,0.8021875,0.586175,0.7794,0.4716275,0.36552875,0.46029,3.362525,1.70162625,4.5789375,1.7955875,1.6156275,0.687425,0.85465,0.6505875,1.002775,31.076875,19.0028125,32.343375,8.7031875,52.605875,0.55110375,0.183023,0.9370125,0.877425,0.89334875,0.097525,0.053775,0.0607275,0.03005,0.14177875,0.15740825,0.09287625,67.375,114.125,1.64067888,0.6582625,0.33100125,0.8839125,0.7343,0.7682425,0.1558,1.019525,0.84173125,0.7565375,0.6238875,0.5341925,0.452675,2.9232375,2.3464625,2.31835,1.7166625,1.5718625,0.6646875,0.73625,0.7576375,0.14875,18.05925,16.5942625,5.3099125,3.4797375,51.306625,0.76624125,0.36316625,1.1074675,0.909825,0.9271275,0.058725,0.095625,0.0888575,0.05645,0.2629075,0.24361138,0.16111
L3,Lindenbergia indica,Lindenbergia_indica,0.94219,0.74707,0.85277,23.4831461,47.6966292,0.48998822,746.5944956,658.016854,24.640824,11.1608613,51.9680364,339.692263,35.0449437,13.0191012,22.0258427,25.4191948,23.3845507,28.5612362,20.1973783,591.073034,165.196629,2.93820225,94.1025236,389.55618,17.6966292,153.095506,50.3033708,468.333333,394.333333,119.666667,0.25551967,0.09551747,75.841791,62.9232804,12.9185106,0.04204263,0.04415732,0.03148047,12.8597402,12.8568076,6.10831877,5.0977773,1.01054147,0.01193409,0.01105114,0.00088295,34.274461,0.15596335,0.0914451,0.17797403,0.18738287,0.12019086,0.19688803,0.08503744,0.05137253,0.09124162,0.04019909,0.034949,0.02768537,0.04545395,0.03705434,0.03029307,0.02797712,0.02739275,0.01344214,0.02124516,0.01128158,0.03163134,0.02683074,0.01642293,0.03611818,0.00869791,0.00496017,0.01024339,0.00033543,0.00011566,0.00100087,0.00045018,0.00016803,0.00118723,7.91E-05,4.22E-05,0.00010204,1.10917524,1.07792808,0.18060855,-1.1254436,51.217953,0.0461036,0.03924006,0.03235566,0.04400897,0.03677137,0.02724255,0.0274858,0.02898853,0.01303863,137.841014,27.6383006,117.774944,27.733803,99.630368,31.890146,9.89719369,75.3333333,6.56663501,0.12780481,0.06765522,0.14218612,0.7428534,0.81132774,0.23000168,0.44408987,0.37861219,0.38686107,0.25177963,0.1938462,0.21350618,1.56218796,1.07395604,1.54854195,1.94084347,1.71188536,0.93039426,0.90045859,0.58474631,1.11250968,24.8643503,20.9655791,18.1844325,-1.6705635,51.0271254,0.15057206,0.07540383,0.17312227,0.89128545,0.90349354,0.07961168,0.03436229,0.02998562,0.02520758,0.09513223,0.08276115,0.07487765,12.8568076,75.3333333,6.56663501,0.1645982,0.09638829,0.17584012,0.73165441,0.76438392,0.16247414,0.49362129,0.42446888,0.38289192,0.29709058,0.24934812,0.21734353,1.39055255,1.1858524,1.06722799,1.68539245,1.5521898,0.52456885,0.77161899,0.75821668,0.17074794,17.0312984,16.5783442,3.68108865,-5.82928,51.2993016,0.18316395,0.10424878,0.19961399,0.92238556,0.93276114,0.04663272,0.04825381,0.04255369,0.03423248,0.13321773,0.11562878,0.0967261
L31,Siphonostegia chinensis,Siphonostegia_chinensis,0.52301,0.420753333,0.402096667,19.35613527,24.77698723,0.74778797,142.3829216,393.9026217,12.52144197,9.024719069,29.04525353,832.6395945,27.93820219,-3.715355791,31.65355797,21.24394504,3.29394508,22.53358299,2.143008751,1444.370787,233.6067416,42.76779026,57.58258887,614,148.6329588,595.3033708,167.6479401,470.75,347.75,45.25,0.097405,0.17925,59.0625,55.15375,3.911075,0.062575,0.06448,0.033415,5.64,5.63625,10.787025,10.1257738,0.6610775,0.0509125,0.0502315,0.00068125,64.625,0.12682333,0.07144061,0.1633789,0.13302741,0.07469466,0.16927297,0.07308855,0.04940211,0.08125471,0.05456971,0.04563185,0.03697149,0.05732618,0.0478373,0.03759251,0.03027898,0.02838591,0.01733139,0.0246451,0.01073479,0.0531703,0.02664057,0.01156173,0.05581966,0.00771783,0.00424911,0.01090607,0.0005756,1.33E-04,0.002382,0.00063538,1.52E-04,0.00251702,7.65E-05,2.87E-05,0.00013107,1.11425,1.0757375,0.2866,-10.8475,58.54225,0.06839,0.0589085,0.0419225,0.0582625,0.0496145,0.035445,0.034345,0.0337945,0.01975,141.8855,26.6159,120.77275,31.070675,92.766025,37.953725,2.8,124,23.347115,0.0235,0.0027875,0.0651,0.887975,0.96357,0.2148,0.273725,0.1247775,0.38965,0.051295,0.02979,0.06185,0.664425,0.2633775,1.064775,4.49615,3.842875,2.970325,0.9067,0.480475,1.32145,31.935,25.3991,28.50575,-31.015025,66.395,0.0300625,0.003314,0.08291,0.864,0.8776075,0.111325,0.012,0.0090225,0.0089,0.0262425,0.017118,0.0270675,5.625,124,23.347115,0.046925,0.0126475,0.107125,0.84675,0.8986425,0.1495,0.34655,0.2023075,0.408975,0.106675,0.087435,0.077825,0.803275,0.47666,0.90805,2.7857,2.305425,1.66255,0.69625,0.713575,0.229,20.82725,17.65525,9.266325,-28.50875,62.758,0.0546675,0.0141425,0.1250425,0.9039,0.9206875,0.060825,0.02005,0.0165175,0.014,0.05098,0.04204375,0.03731
L32,Rhinanthus minor subsp. minor,Rhinanthus_crista_galli,0.82974,0.46385,0.769175,10.22111991,32.48517785,0.287212075,184.2172917,192.0399799,5.007648146,7.944744779,28.82173701,734.3595066,20.40178525,-7.742318331,28.14410354,12.01826755,0.116507414,14.39647138,-3.656172994,685.9323611,83.23661051,35.75785768,27.83612482,229.9494594,117.4681921,205.9542369,153.6685944,996.75,801,202.5,0.2005525,0.1247,108.715,92.02525,16.666,0.03985,0.0427425,0.02372,10.5,10.4975,10.353425,8.765444,1.5879525,0.035655,0.0346875,0.00096775,76.25,0.110337,0.0895892,0.0917227,0.12241202,0.10095192,0.0973465,0.07076676,0.05649747,0.05343846,0.03946302,0.02305088,0.05360669,0.04487803,0.02439017,0.05965015,0.02148347,0.01956094,0.01340098,0.01387143,0.0071292,0.02560945,0.0164575,0.00845964,0.02851702,0.00528896,0.00380319,0.00616752,0.00039205,4.33E-05,0.00168195,0.00049413,5.33E-05,0.00190084,4.59E-05,1.98E-05,0.00014889,1.1029,1.07546,0.175775,-0.046175,51.28475,0.0471675,0.02655025,0.060945,0.045465,0.02410375,0.061235,0.0231825,0.0196685,0.0219525,137.15025,24.086025,119.74775,23.396675,101.946,25.60385,6.75,196.75,18.7365725,0.0346,0.0269675,0.034025,0.784875,0.8176375,0.146825,0.276725,0.24965,0.186625,0.147535,0.14175,0.08741,0.8907,0.722295,0.7354,1.933675,1.7424375,0.739775,0.66645,0.61685,0.540175,25.60075,20.3485,15.7245,2.113525,54.6385,0.041935,0.03068725,0.0459425,0.88425,0.8968875,0.079225,0.02095,0.0224025,0.008025,0.05568,0.060167,0.0242825,10.25,196.75,18.7365725,0.053775,0.04104,0.05135,0.75415,0.77961,0.137525,0.323625,0.291675,0.187975,0.189325,0.1846125,0.09265,0.8968,0.8293375,0.5095,1.72425,1.598825,0.522725,0.7335,0.745525,0.1265,17.71625,16.859325,3.58085,3.623325,50.816,0.0610425,0.0445525,0.0622075,0.912575,0.926475,0.052575,0.030825,0.0311225,0.0131,0.0836675,0.0838165,0.0367875
L33,Vellosiella westermanii,,0.946115,0.65764,0.840615,13.28,32.08,0.397565635,272.1045333,582.5,18.38645792,9.812499881,53.95243835,298.2380066,27.16249967,9.024999976,18.13749981,22.01041675,14.89999962,22.01041675,14.79166627,1662.75,209.75,79.625,31.51776314,591,269.25,591,278,1019.66667,828.333333,220.333333,0.21465548,0.11723375,144.212599,123.442586,20.7706796,0.05971338,0.06453835,0.03116187,19.0430346,19.0542921,8.0456514,6.92853788,1.11705685,0.07962363,0.0780694,0.00155589,48.170526,0.13999707,0.11068105,0.12194825,0.16041303,0.13366165,0.130902,0.07953384,0.06738901,0.05786955,0.05648252,0.03056157,0.09594661,0.06672008,0.03214966,0.10893823,0.0270681,0.02436545,0.01918695,0.02691332,0.01152375,0.06519513,0.03345764,0.01499874,0.07384728,0.00798258,0.00516259,0.01444454,0.00156743,9.26E-05,0.00860785,0.00207712,0.0001241,0.00993913,0.00012147,3.57E-05,0.00081527,1.09867663,1.07577421,0.16055479,-0.5058471,49.7746816,0.06579315,0.03398923,0.10819703,0.06389189,0.03141083,0.10698299,0.03624059,0.02642835,0.05411514,136.74938,23.6538202,119.551478,23.5530138,101.886826,26.8248187,12.0668454,192.666667,11.5167061,0.06101168,0.05033535,0.05906932,0.78848191,0.81539369,0.15457464,0.36933922,0.34306659,0.2709461,0.18993212,0.19917135,0.11074085,1.16099763,1.01855074,0.92078013,2.04948762,1.72840106,1.00392598,0.64062801,0.59258998,0.5221109,25.4547489,21.0721793,14.2451711,4.86308427,48.9882221,0.07376098,0.05650501,0.08220445,0.88387723,0.89839968,0.07471484,0.02714016,0.03110842,0.010867,0.07074072,0.08269778,0.03179707,18.8076255,192.666667,11.5167061,0.09776579,0.07574343,0.09222715,0.74961268,0.77380821,0.14432423,0.43418595,0.39002921,0.26180677,0.25458075,0.25313313,0.1154608,1.20337667,1.11636182,0.69112997,1.72485868,1.58063499,0.55374532,0.73787008,0.7532283,0.13220471,17.7118543,16.6837329,4.1978876,1.05346125,45.2434273,0.11115319,0.08366239,0.11680822,0.91453264,0.93036352,0.05537334,0.04191231,0.04242043,0.0172517,0.11335967,0.11469506,0.0477572
L34,Schwalbea americana,Schwalbea_americana,0.9849625,0.700225,0.8991825,11.18247693,27.19038208,0.411135705,215.6019374,32.64583333,14.8393229,11.31892365,36.28448737,764.1948573,30.52291679,-1.166666672,31.68958346,19.86944413,11.89340271,24.06284718,5.273263865,1244.666667,139.8125,75.1875,19.17584962,385.9375,252.6666667,368.2291667,287.8333333,921.916667,816.75,299.666667,0.32364417,0.06601667,169.091667,112.376167,56.7025,0.06018333,0.06844667,0.0434,28.15,28.1333333,6.248225,4.203747,2.04448667,0.02623417,0.0229665,0.00326658,31.2383333,0.18501741,0.13522723,0.19904421,0.23426294,0.1695645,0.24903849,0.12974388,0.11082369,0.09292696,0.05414574,0.04678794,0.03808208,0.06564494,0.05301509,0.04688459,0.04087636,0.04130434,0.01514103,0.03494471,0.01997957,0.05851408,0.05035154,0.02864899,0.07602666,0.01764806,0.01428452,0.01467604,7.82E-04,2.42E-04,0.00281144,1.30E-03,3.91E-04,0.00381376,2.07E-04,1.52E-04,2.15E-04,1.10051667,1.07626583,0.153675,-0.3128917,51.28,0.05944167,0.050301,0.04242333,0.06021667,0.05002025,0.04087583,0.03949833,0.03936817,0.0182475,138.399833,22.74305,118.273,23.4908083,100.920967,26.0859,18.5833333,106,4.14169675,0.17880833,0.0854925,0.24045,0.76624167,0.81551167,0.19365833,0.611325,0.4590875,0.57238333,0.31795583,0.24905167,0.26855417,2.69806667,1.43101667,3.41283333,1.994425,1.7389225,1.011175,0.66645,0.474575,0.791375,44.5939167,26.1558917,48.9365,0.41998333,52.6549167,0.24957167,0.09937258,0.39004,0.847525,0.86185417,0.11474167,0.03119167,0.03422,0.01343333,0.08438,0.09223817,0.04237083,28.25,106,4.14169675,0.265575,0.13232667,0.34290833,0.75495,0.783265,0.14629167,0.67666667,0.53346333,0.56455,0.37685,0.314345,0.267425,1.88843333,1.47818667,1.5693,1.78463333,1.61211667,0.654525,0.73058333,0.74386667,0.17183333,18.4329167,16.90455,5.74423333,0.53621667,51.86225,0.315755,0.14517417,0.45043833,0.90495,0.92493917,0.06565,0.05794167,0.05346,0.03508333,0.1597525,0.145189,0.1007275
L35,Tozzia alpina,Tozzia_alpina,0.967125,0.85722,0.9167,10.7556217,17.1875,0.6253648,132.8355738,1437.63197,5.244981425,7.854584866,32.18582106,614.4249263,18.70483277,-5.624907045,24.32973979,6.779058246,5.632403975,12.94950433,-1.845848825,1343.977695,154.070632,77.90334572,22.02402099,434.8289963,259.4460967,373.1003717,309.9070632,1941.77778,1650.88889,526.555556,0.27582778,0.08682222,152.911111,117.755778,35.1592222,0.02664444,0.02822,0.02147333,12.1466667,12.1464444,12.5498889,9.66124444,2.88861889,0.00947556,0.00834267,0.00113378,134.873333,0.08154253,0.06344826,0.07238888,0.09514059,0.0759981,0.07995697,0.05605696,0.0426601,0.04542697,0.02504705,0.02368468,0.01448006,0.02772053,0.02480736,0.01607335,0.01973876,0.02003219,0.0073877,0.00681364,0.00466252,0.0088902,0.00842022,0.00589009,0.01030551,0.00378275,0.00264458,0.00364154,6.14E-05,2.78E-05,0.00019306,8.13E-05,3.68E-05,0.00023245,2.22E-05,1.37E-05,2.69E-05,1.10434444,1.07737778,0.20848889,0.87552222,51.5005556,0.02752444,0.02578333,0.01618889,0.02718556,0.02457078,0.01526222,0.01911444,0.01981811,0.00748778,136.819778,23.4917778,118.389333,23.3185,102.798444,26.2959222,8.21111111,292.333333,23.8403011,0.03256667,0.02017,0.04157778,0.76994444,0.81895,0.18266667,0.25573333,0.22198444,0.20168889,0.13901444,0.12468,0.10381333,0.97833333,0.66590667,1.06664444,1.91301111,1.74571889,0.73553333,0.65454444,0.512,0.7533,33.2558889,24.1582667,28.5018889,5.20121111,52.8254444,0.04357889,0.02382344,0.06224889,0.84621111,0.85775333,0.10173333,0.01688889,0.01806111,0.00727778,0.04590333,0.049047,0.02398444,12.2,292.333333,23.8403011,0.04717778,0.03034778,0.05778889,0.74477778,0.77362222,0.14492222,0.28457778,0.25223556,0.19998889,0.16724444,0.15513778,0.10518889,0.80648889,0.71456667,0.58033333,1.6983,1.58006667,0.50244444,0.742,0.74343333,0.175,17.9087778,16.9102778,4.5544,2.79341111,53.1627778,0.05543111,0.03379333,0.07226333,0.90015556,0.91672444,0.05956667,0.0262,0.02574,0.01424444,0.07161444,0.06943978,0.04120556
L36,Sopubia lanata var. lanata,Sopubia_lanata,0.748408,0.211728,0.960222,2.490079364,18.4325397,0.099026898,24.35908456,1863.4,17.64916649,10.125,71.18208313,96.19223633,24.35999985,9.959999847,14.40000038,18.11333313,16.32333298,18.53333321,16.22333298,1525,244.6,10.2,72.2131897,611.2,50,421.2,105.6,526.666667,413,87.6666667,0.16798,0.13913333,73.42,62.289,11.1304,0.0546,0.05927,0.02948,8,8.00866667,9.34193333,7.86603867,1.47578667,0.03399,0.03286067,0.00112767,57.86,0.14370577,0.09078054,0.16141473,0.15337734,0.09475911,0.1724624,0.10640534,0.07304255,0.09930547,0.04936435,0.03730122,0.03909413,0.05498482,0.04128159,0.04151745,0.02785671,0.02539388,0.01373786,0.02547673,0.0112568,0.0457113,0.02944325,0.01335963,0.0502359,0.01009136,0.00627864,0.01107032,0.0005534,0.0001186,0.00165457,0.00067314,0.00015337,0.00183614,8.69E-05,4.16E-05,0.00011819,1.12096667,1.07676667,0.31603333,-17.133,57.697,0.06028,0.04606033,0.04534333,0.05461,0.04086633,0.03883333,0.03017,0.02720467,0.01833333,140.478,26.3704667,122.297333,29.9675667,93.9782667,36.5521,4.56666667,114.666667,15.8984507,0.04153333,0.00647333,0.0945,0.85363333,0.92466667,0.2172,0.3604,0.16337667,0.5018,0.07584,0.0414,0.09274,0.96826667,0.33869333,1.57053333,3.90693333,2.93104667,2.86533333,1.01533333,0.62783333,1.3469,31.73,19.8687333,31.643,-31.675467,60.3186667,0.05453667,0.007405,0.12467333,0.87643333,0.88800667,0.10313333,0.01566667,0.01214,0.01006667,0.03485667,0.02226633,0.03310333,8.06666667,114.666667,15.8984507,0.07266667,0.01861333,0.14366667,0.8333,0.88112333,0.14836667,0.42233333,0.23035,0.5004,0.1312,0.09336667,0.10896667,0.97093333,0.52247,1.09063333,2.72963333,2.18676667,1.79456667,0.71766667,0.722,0.23166667,20.3626667,17.5271667,9.86016667,-34.583333,58.5293333,0.08590667,0.02042667,0.17104667,0.90563333,0.92338,0.06226667,0.02436667,0.01816,0.01883333,0.06222333,0.04447133,0.05157667
L37,Triphysaria floribunda,Triphysaria_floribunda,0.289365,0.1592075,0.259435,9.875569208,27.34697008,0.334550918,45.57061493,69.83333333,13.47048608,10.53958329,60.57779535,258.6021423,22.83333333,5.400000036,17.43333356,10.35972238,15.99305558,16.54166627,10.23055569,877.6666667,180.25,2.583333333,91.74264844,475,12,20.83333333,474.25,610.666667,468.666667,87.3333333,0.14303,0.15546667,84.2766667,73.155,11.1306,0.04403333,0.0464,0.02286333,7.24,7.238,13.5865667,12.1516907,1.43474,0.03279333,0.03208533,0.00070833,93.89,0.1364823,0.08212666,0.1559198,0.14804373,0.09253257,0.16500709,0.09164326,0.05683962,0.09873808,0.04042321,0.0322005,0.02956454,0.04371177,0.03451233,0.03063816,0.02040636,0.01970622,0.00983627,0.01828737,0.00852331,0.03415403,0.02089246,0.01028551,0.03731965,0.0069866,0.00392642,0.00837971,0.00029003,7.04E-05,0.00098157,0.00034357,8.65E-05,0.00108349,4.80E-05,2.46E-05,6.71E-05,1.14416667,1.07707333,0.59446667,-11.867,59.764,0.05002667,0.040499,0.03399,0.04385,0.03444767,0.02879667,0.02512667,0.02308,0.01449333,143.588,29.0893,122.039333,32.4229333,91.5781333,38.2337667,4.23333333,143,31.679127,0.0319,0.01583333,0.0434,0.9007,0.96035667,0.17663333,0.35613333,0.24062667,0.34106667,0.0701,0.05400667,0.06165333,0.94306667,0.55088,1.07026667,4.6447,3.91921333,2.71183333,0.82733333,0.44956667,1.1285,38.468,29.8790333,32.7593333,-32.57,68.341,0.04204,0.01817433,0.06073333,0.84853333,0.85983,0.10546667,0.0133,0.01200667,0.00683333,0.03193333,0.02684533,0.02239333,7.16666667,143,31.679127,0.05423333,0.02886667,0.0698,0.87913333,0.92292667,0.12336667,0.4135,0.30150333,0.3485,0.11333333,0.09721,0.07193333,0.94236667,0.70599,0.77343333,3.23593333,2.90623333,1.68496667,0.632,0.60746667,0.22866667,23.2423333,21.4590333,9.30096667,-37.706667,63.9566667,0.06378667,0.03245667,0.08447,0.89273333,0.90760333,0.06483333,0.02113333,0.01910667,0.01236667,0.05495333,0.04770633,0.03493667
L38,Thunbergianthus ruwenzoriensis,,0.8396,0.46472,0.69603,14.4345238,45.0892857,0.31609828,351.3046969,2022,16.63870975,10.34946232,81.88020595,41.16399722,23.03870983,10.28387091,12.75483891,16.68064511,16.33655914,17.13494627,16.18494628,1441.483871,201.4516129,27.96774194,48.51089607,523.9354839,124.9354839,339.3870968,249.483871,1224.66667,1001,273.333333,0.22378,0.11226667,182.866667,147.876667,35.021,0.064,0.07094667,0.03473333,25.4,25.3833333,7.2019,5.82193767,1.37997667,0.04269333,0.041136,0.00155433,39.3633333,0.15091143,0.125621,0.12293353,0.17123511,0.14407645,0.132727,0.10093968,0.08149477,0.0733614,0.06138581,0.04220763,0.06360792,0.07314576,0.04741176,0.07104884,0.03180787,0.03172135,0.015819,0.03032403,0.01767603,0.04121573,0.03808747,0.02339135,0.04603776,0.01104408,0.00839198,0.0107633,0.0008865,0.00018487,0.0026145,0.00119208,0.00026924,0.00302474,0.00011481,6.73E-05,0.00025684,1.096,1.07541333,0.25353333,1.37623333,50.4573333,0.07007333,0.046529,0.07125667,0.07242333,0.04502967,0.07232667,0.03804,0.034691,0.02536333,142.377,22.5491333,116.219333,22.1606333,100.024933,23.8060333,15,225,8.843265,0.0673,0.05663333,0.05716667,0.76,0.79842,0.17143333,0.38886667,0.37763667,0.2277,0.22072333,0.21025333,0.12512667,1.35186667,1.12568333,1.02183333,1.8259,1.66124667,0.66376667,0.6301,0.51806667,0.65573333,29.2446667,23.8989667,18.3846667,6.76683333,50.4013333,0.08279333,0.06440833,0.07792333,0.86383333,0.86764667,0.08276667,0.02843333,0.03054667,0.00986667,0.07603,0.082145,0.03055667,25.3333333,225,8.843265,0.11483333,0.09617,0.08716667,0.73973333,0.7671,0.14266667,0.47163333,0.45361333,0.22723333,0.28886667,0.28613333,0.12783333,1.32343333,1.29343,0.61986667,1.67196667,1.55956667,0.48243333,0.737,0.74483333,0.119,17.547,16.872,3.28976667,7.13213333,47.817,0.12828333,0.10644,0.10146333,0.9125,0.92701,0.04993333,0.0469,0.04731,0.01886667,0.1273,0.126981,0.05386667
L39,Sopubia ramosa,Sopubia_ramosa,0.94321,0.269676,0.992882,2.560683758,20.0991453,0.117883812,36.90297319,1339.511628,20.21259694,11.92015504,67.59960343,146.0851942,29.00697664,11.08139532,17.92558133,20.42248072,18.93294565,21.81511622,18.28565893,1335.348837,251.3488372,10.8372093,85.21364456,680.3255814,46.55813953,282.8139535,260.0697674,863.285714,692.857143,172.428571,0.20075429,0.12392857,104.262857,83.362,20.9021429,0.04564286,0.05013,0.02723857,9.40714286,9.39514286,11.128,8.90547257,2.22239429,0.03330857,0.03184557,0.00146214,73.8085714,0.1225772,0.08821974,0.11679224,0.13557889,0.09949885,0.12779755,0.08972393,0.06699567,0.07217604,0.04430576,0.03241628,0.03779869,0.05061896,0.03538034,0.04149252,0.02638358,0.0256084,0.01078797,0.01735794,0.0095785,0.0281162,0.02099777,0.01193114,0.03194457,0.00764291,0.00545012,0.00707962,0.00036541,8.00E-05,0.00124916,0.00047206,0.00010834,0.00143142,5.97E-05,3.74E-05,9.09E-05,1.10298571,1.07432143,0.27377143,-5.7842857,57.2981429,0.05124,0.03609814,0.04355143,0.04904,0.034275,0.03998571,0.03024571,0.02740986,0.01847,138.311571,24.5952,120.342286,26.9001857,99.8599714,31.1900571,5.22857143,171.285714,18.2426486,0.0319,0.01545857,0.04488571,0.87957143,0.93248857,0.15902857,0.32208571,0.26071714,0.28774286,0.10643571,0.08000143,0.09581286,0.99802857,0.62680714,1.14642857,3.2552,2.84186143,1.7658,0.70432857,0.45938571,1.0002,36.2245714,27.4756143,29.7918571,-27.894857,68.8935714,0.04248714,0.01773029,0.06595143,0.85424286,0.87071571,0.10208571,0.01612857,0.01684714,0.00724286,0.03966286,0.03993314,0.02376,9.35714286,171.285714,18.2426486,0.05648571,0.03259286,0.07018571,0.83585714,0.88036714,0.13908571,0.37678571,0.31872571,0.28037143,0.15705714,0.13690429,0.09748571,0.94034286,0.78993429,0.68434286,2.39265714,2.1639,1.018,0.68271429,0.68224286,0.17471429,19.8494286,18.5060143,5.80527143,-27.709143,66.8318571,0.06552,0.03563,0.08595857,0.90327143,0.92096714,0.05898571,0.02738571,0.02514857,0.0146,0.07206857,0.06574971,0.04132571
L4,Bellardia trixago,Bellardia_trixago,0.726475,0.2652,0.863645,10.69915257,62.74717515,0.13720071,360.0940572,308.908905,15.0370117,10.3570027,41.7127398,535.391968,28.9959058,3.93710338,25.0588025,11.7223089,20.9669822,21.8987675,8.87841607,741.813715,115.208547,13.3930399,54.3474989,310.508188,63.0609007,75.2832651,282.748465,1566.25,1290,362.75,0.24031098,0.1039537,191.61394,156.745964,34.8674762,0.04536016,0.0484344,0.03170169,21.5921276,21.5869033,8.74849622,7.11406827,1.63442795,0.02519369,0.02374907,0.00144387,55.8439293,0.13729803,0.10397466,0.1373352,0.15981553,0.12070477,0.15437147,0.08649197,0.06872812,0.06493382,0.04370002,0.03604857,0.03762922,0.04926582,0.03781874,0.04257009,0.02966699,0.02989057,0.01049607,0.01864781,0.01142373,0.02867987,0.02305027,0.01435225,0.03304219,0.00828438,0.00613724,0.0073192,0.00034624,0.00010433,0.00125489,0.0004564,0.00013608,0.00147133,7.22E-05,4.74E-05,8.63E-05,1.10379176,1.07554784,0.21346638,-6.3529858,53.2726834,0.04871189,0.0391714,0.0427546,0.04844674,0.037323,0.04185777,0.03175313,0.03103802,0.0169667,137.31387,23.4193673,119.047467,24.2056957,102.244247,26.2108842,13.0329836,277.25,11.7986497,0.06349937,0.03968855,0.08612116,0.81443541,0.86409959,0.17069425,0.4054656,0.33169425,0.36352843,0.17494881,0.1618631,0.11142055,1.33389945,0.95112506,1.48981373,2.27123018,1.98875479,1.04070552,0.61263812,0.5167951,0.57620104,32.226851,24.1215546,27.4653288,-16.225112,64.6809047,0.08422625,0.04717593,0.1321253,0.85320133,0.86943339,0.10080844,0.02407884,0.02568872,0.00879003,0.0627137,0.06611894,0.02780688,21.5781533,277.25,11.7986497,0.09513306,0.06315604,0.11894186,0.78073632,0.81339439,0.14847004,0.45630266,0.37871114,0.35410899,0.22556409,0.21740551,0.11074109,1.20702468,1.04124425,0.86717983,1.93812857,1.72264185,0.76589704,0.71807028,0.74214066,0.16261519,18.6985256,16.9331056,5.73192839,-17.443072,61.8641276,0.11255965,0.0699732,0.1565676,0.9037589,0.92339985,0.06175792,0.03750146,0.03719582,0.01633399,0.10104441,0.10023569,0.04736189
L5,Cordylanthus kingii,Cordylanthus_kingii,0.37049,0.14803,0.32723,5.13833992,23.8306983,0.20317899,29.65511794,2244.10714,7.15989581,16.0688988,43.526626,773.772238,27.8553573,-9.1928572,37.0482146,3.71428569,10.0738096,17.1395833,-1.6574405,296.25,41.8392857,12.5178571,36.4504303,111.964286,45.8571429,57.4285714,102.732143,840.857143,678.285714,172.428571,0.20564,0.1214,67.98,54.8842857,13.0964571,0.02781429,0.03048286,0.01589429,3.67571429,3.67485714,19.818,15.8862386,3.93178143,0.02011286,0.019362,0.00074929,209.757143,0.08378829,0.05533749,0.08836333,0.09110507,0.0598545,0.09628331,0.06225394,0.04513164,0.05569975,0.02482464,0.01877547,0.02069073,0.02797974,0.02035984,0.02263029,0.01501507,0.01447406,0.00586738,0.0075466,0.00358819,0.01464439,0.00898817,0.00434282,0.01658021,0.00320482,0.00209822,0.00339882,9.88E-05,1.89E-05,0.00039411,0.00012573,2.50E-05,0.00045134,1.50E-05,8.85E-06,2.01E-05,1.10562857,1.07291714,0.28187143,-7.6642857,60.6825714,0.02917429,0.02155643,0.02390571,0.02751,0.01981329,0.02183857,0.01628571,0.01526486,0.00903571,139.140571,28.4028571,120.976286,31.0789714,98.0693714,37.8369714,1.98571429,164.285714,50.3592786,0.01352857,0.00489429,0.02192857,0.90657143,0.96435714,0.18258571,0.23904286,0.16273286,0.24908571,0.05394,0.03895571,0.05076429,0.70517143,0.37159714,0.94591429,4.5434,3.96194571,2.96111429,0.67445714,0.37898571,1.05325714,47.6477143,32.4666714,49.4541429,-6.3338571,71.8428571,0.01880286,0.00569443,0.03258714,0.83278571,0.85241286,0.11902857,0.00924286,0.00883429,0.00458571,0.02266571,0.02038471,0.01574143,3.68571429,164.285714,50.3592786,0.02448571,0.01070857,0.03637143,0.87898571,0.92658857,0.124,0.27284286,0.19373714,0.25032857,0.08402857,0.0689,0.05654286,0.64068571,0.46534857,0.5745,3.10217143,2.74761429,1.69227143,0.63428571,0.61327143,0.23028571,23.1378571,20.5900571,10.0803429,-13.382871,70.6662857,0.02916,0.01195286,0.04445,0.89048571,0.90653,0.06785714,0.01522857,0.01318143,0.00908571,0.03996714,0.03349429,0.02615143
L6,Cordylanthus eremicus,Cordylanthus_eremicus,0.5053,0.42277,0.38357,7.36349975,10.2020371,0.71849427,22.52836161,2078.15217,9.42119563,14.7163043,43.1093514,731.517741,28.7739132,-5.3652175,34.1391307,1.60688405,15.6782608,18.7554347,1.09311592,387.913043,65.3695652,6.15217391,61.7748839,180.717391,30.5,42.4347826,180.086957,398,310.5,63.25,0.1603075,0.143275,23.3325,20.28025,3.0524,0.033825,0.03615,0.0159225,1.235,1.22825,20.69625,17.86934,2.8267075,0.02594,0.025339,0.00059975,294.475,0.05951113,0.03853613,0.06492638,0.06415135,0.04081577,0.06967258,0.04028593,0.03059881,0.03323376,0.03063645,0.02328897,0.02176324,0.03407239,0.02717332,0.02222639,0.01443093,0.01360513,0.00758085,0.00655778,0.00316676,0.01003393,0.00754298,0.00397732,0.01080138,0.00202277,0.00126186,0.00211024,0.00010018,2.33E-05,0.0002252,0.00011803,3.44E-05,0.0002427,9.74E-06,4.60E-06,1.35E-05,1.1068,1.0770825,0.19435,-5.015675,57.632,0.0379325,0.0294885,0.0249375,0.0336525,0.0280355,0.0197375,0.0182275,0.01586825,0.01207,139.08175,26.027175,122.0305,26.765175,94.371925,33.4665,0.65,87.25,82.5308425,0.0075,0.001415,0.0164,0.808325,0.8843025,0.24565,0.128125,0.0619,0.17385,0.041155,0.0258125,0.04709,0.373,0.1466375,0.620675,2.685975,2.155,1.54135,1.15315,0.679725,1.449025,25.384,18.0464,26.029,3.94,65.83475,0.01019,0.00152875,0.0242225,0.873275,0.8958075,0.11285,0.007825,0.0063425,0.005075,0.018,0.01362825,0.0163275,1.225,87.25,82.5308425,0.014425,0.0054925,0.0264,0.8012,0.82329,0.13485,0.165825,0.105485,0.171,0.073075,0.059425,0.052925,0.421875,0.289835,0.427225,2.07435,1.775175,0.8913,0.7545,0.77345,0.19475,18.12675,16.27145,6.073975,-10.48715,64.5675,0.0170975,0.0060925,0.03326,0.9097,0.92556,0.0582,0.012825,0.0109675,0.00835,0.033715,0.02800275,0.023515
L7,Aureolaria grandiflora,Aureolaria_laevigata,0.931416667,0.749396667,0.904236667,17.47913923,35.12845853,0.483312503,445.2788179,213.550239,12.1050239,11.5899521,31.3728516,942.195495,30.4598085,-6.9057416,37.3655501,19.4742424,2.33748007,23.3373205,0.00382775,1035.74641,118.799043,48.645933,27.2248268,329.167464,175.69378,295.464115,186.406699,2428.33333,2052.66667,646,0.26724808,0.09133654,256.048653,196.576988,59.4716649,0.03512157,0.0371899,0.02816763,25.226537,25.2209276,10.1373177,7.78051128,2.35680638,0.01582825,0.0142184,0.00160985,81.0063999,0.10888895,0.08423079,0.09556219,0.12415652,0.09710954,0.10522347,0.07767916,0.06206147,0.06078254,0.03343577,0.02991339,0.02416041,0.0369029,0.03116048,0.02781409,0.02615103,0.02686095,0.00950092,0.01191613,0.0078676,0.01776113,0.01435381,0.00937128,0.02065991,0.00688825,0.00506584,0.00630303,0.00015978,5.93E-05,0.0007375,0.00021032,7.28E-05,0.00088663,5.29E-05,3.41E-05,6.59E-05,1.09569786,1.07551947,0.13933768,0.50166601,49.8895382,0.03683625,0.03245367,0.02735317,0.03623841,0.03093102,0.0264762,0.02559426,0.02556689,0.0112887,134.436382,23.8473173,118.943048,24.0867507,104.987416,25.0953283,16.4562758,376.666667,14.8592365,0.04676367,0.03124077,0.05170807,0.78507437,0.82282678,0.15970311,0.32961259,0.28610981,0.24075944,0.17661538,0.16000482,0.1195194,1.22112214,0.87600331,1.17004469,1.93692116,1.76037299,0.77029049,0.60217519,0.48411996,0.6613487,35.1710805,26.0389789,27.5433485,5.64745559,47.4577384,0.06424468,0.03727102,0.0826237,0.82639189,0.8392299,0.11134757,0.02125815,0.02284406,0.00765408,0.05619844,0.06094225,0.02484885,25.2209276,376.666667,14.8592365,0.07072741,0.0481103,0.07593474,0.75131437,0.77904341,0.13796773,0.36730239,0.32078198,0.23577668,0.21368065,0.19771892,0.11938242,1.03254678,0.89634437,0.68129649,1.70866446,1.59747716,0.48722286,0.72613347,0.74278594,0.15159266,18.2703667,16.925605,4.8890514,5.82809907,47.2451774,0.08391161,0.05304434,0.09905168,0.89229883,0.91140914,0.06535905,0.03348058,0.03270737,0.01555671,0.09044199,0.08781252,0.04437443
L8,Aureolaria flava,Aureolaria_flava,0.93779,0.65043,0.817025,11.50362319,29.84189725,0.40062836,227.8633289,195.584211,12.3484503,11.6173977,33.4342204,868.493789,29.858772,-5.204386,35.0631579,15.7444152,7.84304091,22.7980116,1.34602339,1194.32281,126.594737,71.5561404,16.9059628,353.647368,243.814035,313.880702,269.907018,1416.6,1192.8,368.2,0.26153786,0.09375325,198.758615,154.988374,43.7702407,0.03811865,0.04029216,0.03039141,23.8943824,23.8893594,8.30360554,6.46792273,1.83568281,0.01158385,0.01017161,0.00141225,49.7537873,0.14162716,0.11326976,0.11791734,0.16210907,0.13406266,0.1299333,0.09819438,0.08218578,0.07037985,0.03747459,0.03462405,0.01983927,0.04123169,0.03650704,0.02190556,0.02928648,0.0295291,0.00958784,0.01695316,0.01234052,0.01789145,0.02050333,0.01524689,0.02015241,0.00939548,0.00772046,0.00745791,0.00019518,0.00010621,0.00041106,0.00025041,0.00013779,0.00048311,7.59E-05,5.94E-05,7.67E-05,1.09803833,1.07662345,0.16671633,3.14146334,50.00937,0.04092526,0.03718231,0.02276364,0.04007764,0.03587613,0.02002931,0.02971316,0.029855,0.01097255,135.447139,24.0232754,119.24984,23.8051088,103.46651,25.6790384,16.6406171,225.4,9.38462123,0.07686754,0.05348327,0.07825583,0.76771693,0.81039802,0.17729485,0.41458448,0.37656007,0.27019153,0.23147504,0.2143235,0.14842183,1.53694221,1.18199444,1.37241596,1.87711468,1.71421169,0.74328925,0.61385506,0.47159648,0.71685096,33.0317272,26.3274092,24.6452172,19.2181601,46.6163256,0.10103748,0.06366259,0.11836977,0.84317329,0.84970407,0.09742717,0.02755474,0.0296848,0.00981255,0.07383203,0.07980412,0.03104318,23.8893594,225.4,9.38462123,0.10982797,0.07806018,0.10648417,0.74446228,0.77011187,0.14433382,0.45649902,0.41846817,0.26363794,0.27358931,0.25705046,0.14692736,1.29528101,1.17506899,0.78385543,1.68162482,1.57085233,0.47016804,0.73343487,0.73568004,0.19013982,18.1148865,17.084205,4.514414,16.9856882,47.6181872,0.12852879,0.08602119,0.13623639,0.89718492,0.91510145,0.06096447,0.04252878,0.04210209,0.01892011,0.11546935,0.11360444,0.05346626
L9,Pedicularis attollens,Pedicularis_attollens,0.934603333,0.699913333,0.860630833,14.49138121,32.48517789,0.441970432,196.3798019,2677.324211,2.955364029,13.69623688,43.14116253,651.6585823,21.52336845,-10.20063159,31.72399987,-3.447140355,10.61666667,11.79563159,-3.913140358,873.2642105,148.3442105,15.17263158,66.48106387,404.4757895,60.19789474,67.26526316,395.2810526,887.75,690,142.25,0.15394,0.148525,90.295,79.41025,10.89665,0.04165,0.04338,0.026195,7.54,7.53125,12.39225,10.9688113,1.4233925,0.0278425,0.0270205,0.00081925,101.3025,0.09764385,0.07706252,0.08689583,0.10624383,0.08544181,0.09107352,0.06108103,0.0476921,0.05063842,0.0388578,0.03224575,0.02531051,0.04162781,0.03386871,0.02629188,0.02384013,0.02365209,0.01036821,0.01232725,0.00774241,0.02278263,0.01389385,0.00873169,0.02478293,0.00497818,0.00343659,0.00497095,0.00021073,6.46E-05,0.0010394,0.00024445,7.70E-05,0.00114591,3.74E-05,2.09E-05,4.87E-05,1.111825,1.07531,0.24415,-1.57165,53.976,0.0456825,0.03739075,0.0295825,0.04164,0.0344475,0.0253925,0.0273675,0.0263675,0.0123075,136.2805,23.021075,120.80675,25.62435,100.612925,29.864025,4.475,198.75,30.2442725,0.02095,0.0120675,0.03915,0.82155,0.8694,0.1718,0.220525,0.182945,0.192175,0.0976025,0.0833525,0.0660125,0.650075,0.47878,0.7075,2.2967,2.0296975,1.031375,0.6924,0.59545,0.529525,24.776,20.8635,15.803,-6.54465,60.489,0.026005,0.01369425,0.0534275,0.874,0.8907975,0.087425,0.01585,0.0152025,0.006825,0.0401925,0.03795725,0.02177,7.525,198.75,30.2442725,0.0356,0.02266,0.060125,0.792375,0.820895,0.131775,0.267875,0.2333875,0.19435,0.138575,0.1272525,0.071475,0.70515,0.62681,0.48505,1.911,1.758725,0.626675,0.73925,0.73805,0.149,17.67875,17.03785,3.58865,-7.229,60.19875,0.0403175,0.0249175,0.072185,0.912825,0.922695,0.0462,0.023875,0.0224675,0.011275,0.06392,0.05928525,0.0321325
S10,Rhaphispermum gerardioides,,0.970066,0.596552,0.892792,4.081027668,12.5922266,0.32342589,36.03594807,1483.166667,17.49826399,11.76041683,65.00858688,248.8006986,25.80000003,7.708333294,18.09166686,19.90000025,14.09722233,19.90416702,14.04444456,1349.416667,316.4166667,10.83333333,103.6539046,834.6666667,36.5,828.25,37.75,1065,826.857143,172.428571,0.16032429,0.14625714,160.467143,141.324143,19.1341429,0.07528571,0.07834,0.05139429,22.74,22.7201429,7.19238571,6.356959,0.83542,0.05320143,0.051329,0.00187271,36.54,0.15289183,0.11630778,0.14074657,0.16617015,0.1269793,0.15016676,0.0953242,0.07894724,0.06162661,0.07049223,0.06125373,0.04560722,0.07521778,0.06424008,0.04818734,0.04945488,0.04907496,0.01600511,0.03618561,0.02270756,0.06072137,0.04089702,0.02599608,0.06590576,0.01540272,0.01204676,0.01193397,0.00118029,0.00035137,0.00520359,0.00138765,0.00041344,0.00569535,0.00021393,0.00014968,0.00022397,1.0902,1.07308286,0.1811,-3.4967143,52.6578571,0.08143429,0.06927514,0.05388571,0.07432857,0.06400457,0.0438,0.05280286,0.05133314,0.02553714,134.163571,21.2873714,121.659714,22.6674286,103.074,26.0290714,11.6714286,239.428571,10.6822357,0.04871429,0.02677857,0.06528571,0.82125714,0.86459429,0.14951429,0.35921429,0.27044429,0.31655714,0.15977,0.13872286,0.11472857,1.04118571,0.68368714,1.0864,2.25661429,2.00238,1.02961429,0.72367143,0.69791429,0.50524286,24.9568571,17.9437857,18.5007143,2.62574286,62.0702857,0.06515286,0.02969414,0.10287286,0.87074286,0.90749857,0.10485714,0.02742857,0.02837857,0.00898571,0.06348,0.06481129,0.02904286,22.7571429,239.428571,10.6822357,0.09478571,0.05724857,0.11188571,0.76687143,0.79546,0.14374286,0.443,0.35408857,0.31464286,0.23632857,0.21273286,0.12075714,1.16834286,0.95506286,0.79771429,1.82778571,1.65541429,0.65704286,0.77242857,0.79377143,0.15385714,17.1434286,15.8359857,4.68,0.0294,61.5995714,0.10968429,0.06223286,0.14196857,0.9113,0.92815143,0.05507143,0.04095714,0.03879286,0.01755714,0.10629,0.09906357,0.04944143
S11,Sopubia delphinifolia,Sopubia_cana,0.662624576,0.339027017,0.667492373,9.227451127,28.56441942,0.319513788,14.37627581,353.08,25.65858334,10.95516647,53.4116925,254.8641957,35.77599987,14.65600014,21.11999962,25.67566673,24.85966682,28.94366669,22.46199963,2421.08,880.98,7.56,137.583716,1883.32,32.6,305.7,321.22,297,229.75,44.75,0.1568425,0.147425,38.6575,33.9945,4.664675,0.0345,0.03617,0.02341,3.3525,3.35025,11.4905,10.0854933,1.4053525,0.0145575,0.01377475,0.000783,67.805,0.13760665,0.08052032,0.1609695,0.15027138,0.09016142,0.17232751,0.08691763,0.06465397,0.07909689,0.03353896,0.02752582,0.01964644,0.0361949,0.03028846,0.02006583,0.02165583,0.01946038,0.01234971,0.01423578,0.00694807,0.02220343,0.01609996,0.00780901,0.02406726,0.00640911,0.00404307,0.00708611,0.00015773,5.32E-05,0.00034623,0.00018356,6.30E-05,0.00037806,4.68E-05,2.21E-05,7.10E-05,1.1595,1.075645,0.5813,-7.2229,59.15975,0.0414325,0.03486125,0.02274,0.0355675,0.030415,0.01672,0.02159,0.0204365,0.0100675,139.4715,26.2256,122.466,30.6506,95.170125,36.363225,2.25,68.25,19.9403625,0.0381,0.010585,0.083325,0.84905,0.940655,0.2423,0.317,0.191365,0.400325,0.0841675,0.0597525,0.08856,0.86545,0.461755,1.3228,3.45435,3.0061425,1.91215,0.79675,0.534175,0.951,28.8455,22.0154,23.791,-25.749625,66.168,0.0476975,0.011784,0.11456,0.8818,0.898275,0.089675,0.016225,0.012915,0.010775,0.0394,0.02966025,0.03344,3.325,68.25,19.9403625,0.054375,0.018445,0.109125,0.84505,0.8867125,0.1457,0.361575,0.2313925,0.397825,0.122075,0.09636,0.092575,0.8578,0.5727525,0.907975,2.6167,2.266025,1.236125,0.691,0.702,0.203,20.265,18.115125,7.2535,-39.632,64.1515,0.06374,0.0204475,0.1369325,0.90945,0.9226425,0.0536,0.022275,0.0181675,0.01555,0.058375,0.04685125,0.04386
S13,Odontites vulgaris,Odontites_vulgaris,0.924204,0.672422,0.780922,6.607378132,12.85573124,0.507574856,51.46422552,230.581292,8.33922731,8.02548624,31.3866261,669.982492,22.6775341,-3.2685526,25.9460866,12.4340115,4.088098,16.6998768,0.31569622,749.202725,84.614407,43.4115598,21.917452,236.802835,143.402884,212.513228,171.922833,,,,,,,,,,,,,,,,,,,,,,,,,,,,,,,,,,,,,,,,,,,,,,,,,,,,,,,,,,,,,,,,,,,,,,,,,,,,,,,,,,,,,,,,,,,,,,,,,,,,,,,,,,,,,,,,,,,,,,,,,,,,,,,,,,,,,,,,,,,,,,,,,,,,,,,,,,,,,,
S14,Nesogenes prostrata,Nesogenes_dupontii,0.951231111,0.795821111,0.82115,3.401316394,6.033776726,0.58610376,13.54238951,2.77272727,26.6375006,6.46363616,66.8154883,120.16509,31.0227277,21.3409097,9.68181801,27.7280305,26.0174241,27.7787875,24.9878785,1052.5,223.818182,10.0909091,80.5348877,550.863636,51.2727273,446.772727,95.4090909,,,,,,,,,,,,,,,,,,,,,,,,,,,,,,,,,,,,,,,,,,,,,,,,,,,,,,,,,,,,,,,,,,,,,,,,,,,,,,,,,,,,,,,,,,,,,,,,,,,,,,,,,,,,,,,,,,,,,,,,,,,,,,,,,,,,,,,,,,,,,,,,,,,,,,,,,,,,,,
S15,Parentucellia latifolia,Parentucellia_latifolia,0.736445,0.63977,0.636495,7.87694106,8.553180833,0.917556585,33.44815582,400.509375,13.7475477,10.2623568,41.3550514,537.228373,27.7836979,2.78091146,25.0027865,9.8618316,19.7615451,20.5814583,7.49674914,797.575521,112.008073,21.9505208,42.938816,307.43099,89.9005208,99.6877604,285.609635,,,,,,,,,,,,,,,,,,,,,,,,,,,,,,,,,,,,,,,,,,,,,,,,,,,,,,,,,,,,,,,,,,,,,,,,,,,,,,,,,,,,,,,,,,,,,,,,,,,,,,,,,,,,,,,,,,,,,,,,,,,,,,,,,,,,,,,,,,,,,,,,,,,,,,,,,,,,,,
S18,Brandisia hancei,Brandisia_hancei,0.95999,0.65302,0.85934,9.2226614,21.8873518,0.41760722,135.0241437,1990.47619,12.583135,9.95476179,40.3167174,562.559408,23.7738097,-1.5,25.2738097,18.6349206,5.58174607,18.9277778,5.17896826,1042.88095,201.404762,12.2142857,79.6470777,549.857143,45.7619048,546.428571,51.7380952,1177.5,977,282.5,0.2399,0.10345,140.2,110.095,30.1495,0.09655,0.110845,0.04429,NA,20.01,7.02535,5.5133785,1.51199,0.16382,0.158619,0.0052,49.005,0.1191065,0.08911823,0.1084128,0.13138379,0.09842522,0.1174471,0.0890067,0.0639692,0.07379497,0.09085174,0.03991898,0.14199846,0.11267215,0.0468404,0.16125537,0.03669237,0.02916289,0.03812873,0.03615015,0.01332252,0.07620345,0.04574901,0.01792852,0.08694795,0.01242194,0.00625534,0.0260986,0.00279945,0.0001402,0.01163975,0.00379932,0.00021183,0.01360087,0.00030737,4.61E-05,0.00195138,1.10595,1.0781,0.17585,0.4762,50.2805,0.10718,0.0462995,0.158645,0.10592,0.042427,0.15575,0.051705,0.0302015,0.080915,137.842,25.2544,122.39,25.0583,96.85705,28.8663,NA,202,10.103428,0.0492,0.010045,0.11995,0.744,0.790545,0.20485,0.25695,0.15078,0.34855,0.13741,0.078195,0.159575,0.9838,0.40936,1.9326,1.88455,1.64005,0.84715,0.9706,0.75775,1.01605,24.882,16.4832,30.793,-0.24915,42.792,0.069995,0.011098,0.22199,0.8844,0.90625,0.09955,0.01935,0.016645,0.01255,0.04936,0.038297,0.040265,NA,202,10.103428,0.099,0.04371,0.1882,0.74445,0.771435,0.14765,0.38715,0.299405,0.37195,0.2247,0.18439,0.1827,1.10585,0.86874,1.16855,1.74245,1.5716,0.67535,0.7515,0.7708,0.1615,17.801,16.3036,5.9156,0.977,49.0205,0.12285,0.04747,0.29494,0.9111,0.931945,0.06755,0.0355,0.031455,0.024,0.096885,0.08484,0.069715
S19,Agalinis edwardsiana,Agalinis_edwardsiana,0.654206667,0.168076667,1.009013333,6.406189133,29.58201147,0.07331821,50.56793096,311.5,19.0749998,12.4499998,39.0203629,712.190765,34.4500008,2.55000007,31.9000006,22.7166662,10.8249998,27.5,9.96666622,846,121.5,47.5,33.7202358,288,153,202.5,154,,,,,,,,,,,,,,,,,,,,,,,,,,,,,,,,,,,,,,,,,,,,,,,,,,,,,,,,,,,,,,,,,,,,,,,,,,,,,,,,,,,,,,,,,,,,,,,,,,,,,,,,,,,,,,,,,,,,,,,,,,,,,,,,,,,,,,,,,,,,,,,,,,,,,,,,,,,,,,
S20,Agalinis heterophylla,Agalinis_heterophylla,0.94999625,0.31693875,0.92667,3.828846456,24.60478946,0.149330415,65.86810324,221,18.6416664,12.4666672,35.7211113,819.164856,35.5999985,0.69999999,34.8999977,22.8166656,8.30000019,28.5499992,8.30000019,879,124,47,31.1707878,299,153,198,153,,,,,,,,,,,,,,,,,,,,,,,,,,,,,,,,,,,,,,,,,,,,,,,,,,,,,,,,,,,,,,,,,,,,,,,,,,,,,,,,,,,,,,,,,,,,,,,,,,,,,,,,,,,,,,,,,,,,,,,,,,,,,,,,,,,,,,,,,,,,,,,,,,,,,,,,,,,,,,